kecamatan,desa,nama_poktan
Arjosari,Arjosari,Desa Arjosari
Arjosari,Bandar,Desa Bandar
Arjosari,Donorojo,Desa Belah
Arjosari,Kebonagung,Desa Banjarjo
Arjosari,Nawangan,Desa Gondang
Arjosari,Ngadirojo,Desa Bodag
Arjosari,Pacitan,Desa Arjowinangun
Arjosari,Pringkuku,Desa Candi
Arjosari,Punung,Desa Bomo
Arjosari,Sudimoro,Desa Gunung Rejo
Arjosari,Tegalombo,Desa Gedangan
Arjosari,Tulakan,Desa Bubakan
Arjosari,Desa Arjosari,Kwt Ngudi Rejeki Lancar
Arjosari,Desa Borang,Kwt Sido Lestari
Arjosari,Desa Gayuhan,Kwt Gayuh Sehat I
Arjosari,Desa Gegeran,Kwt Tani Maju
Arjosari,Desa Gembong,Kwt Sumber Urip I
Arjosari,Desa Gunungsari,Kwt Dahlia
Arjosari,Desa Jatimalang,Kwt Eka Mandiri
Arjosari,Desa Jetis Kidul,Sido Subur I
Arjosari,Desa Karanggede,Kwt Mawar
Arjosari,Desa Karangrejo,Sumber Urip I
Arjosari,Desa Kedungbendo,Kwt Sido Makmur
Arjosari,Desa Mangunharjo,Kwt Dahlia
Arjosari,Desa Mlati,Kwt Sekar Tanjung
Arjosari,Desa Pagutan,Kwt Mawar
Arjosari,Desa Sedayu,Makmur Rukun I
Arjosari,Desa Temon,Akur I
Arjosari,Desa Tremas,Kwt Pertiwi
Arjosari,Desa Bandar,Bintang Timur
Arjosari,Desa Bangunsari Bandar,Blimbing Tani
Arjosari,Desa Jeruk,Budi Luhur
Arjosari,Desa Kledung,Blorok Madu
Arjosari,Desa Ngunut,Kwt. Melati
Arjosari,Desa Petungsinarang,Kenanga I
Arjosari,Desa Tumpuk,Anggiat Tani
Arjosari,Desa Watupatok,Dadi Makmur
Arjosari,Desa Belah,Dadi Makmur
Arjosari,Desa Cemeng,Edi Peni
Arjosari,Desa Donorojo,Jati Diri
Arjosari,Desa Gedompol,Budi Lestari
Arjosari,Desa Gendaran,Dadi Mulyo
Arjosari,Desa Kalak,Kwt. Kelapa Sari
Arjosari,Desa Klepu Donorojo,Loh Jinawi
Arjosari,Desa Sawahan,Bakti Tani
Arjosari,Desa Sekar,Kwt Sekar Arum Sejahtera
Arjosari,Desa Sendang,Gebang Wonokarto
Arjosari,Desa Sukodono,Assalam
Arjosari,Desa Widoro (Donorojo),Lestari
Arjosari,Desa Banjarjo,Sumber Makmur 1
Arjosari,Desa Gawang,Setyo Maju 1
Arjosari,Desa Gembuk,Tri Karsa 1
Arjosari,Desa Kalipelus,Tani Maju 1
Arjosari,Desa Karanganyar,Gotong Royong 1
Arjosari,Desa Karangnongko,Sedyo Makmur 1
Arjosari,Desa Katipugal,Pratolo Mulyo 1
Arjosari,Desa Kebonagung,Mentes 1
Arjosari,Desa Ketepung,Sido Mekar 1
Arjosari,Desa Ketro (Kebonagung),Sido Maju 1
Arjosari,Desa Klesem,Sari Tani 1
Arjosari,Desa Mantren (Kebonagung),Margo Subur 1
Arjosari,Desa Plumbungan,Lestari I
Arjosari,Desa Punjung,Ngudi Makmur 1
Arjosari,Desa Purwoasri,Sumber Asri 1
Arjosari,Desa Sanggrahan,Setya Usaha I
Arjosari,Desa Sidomulyo (Kebonagung),Bumi Harum 1
Arjosari,Desa Wonogondo,Sido Rejo 1
Arjosari,Desa Worawari,Sido Makmur 1
Arjosari,Desa Gondang,Dewi Sinto
Arjosari,Desa Jetislor,Dewi Sri
Arjosari,Desa Mujing,Karya Makmur I
Arjosari,Desa Nawangan,Ledok Sari
Arjosari,Desa Ngromo,Arum Tani
Arjosari,Desa Pakisbaru,Baru Wungu
Arjosari,Desa Penggung,Karya Makmur
Arjosari,Desa Sempu,Berkah Tani
Arjosari,Desa Tokawi,Gemah Ripah
Arjosari,Desa Bodag,Ngudi Luhur I
Arjosari,Desa Bogoharjo,Kwt Mardi Rahayu
Arjosari,Desa Cangkring,Sukodono I
Arjosari,Desa Cokrokembang,Rukun Makmur I
Arjosari,Desa Hadiluwih,Melati
Arjosari,Desa Hadiwarno,Matahari
Arjosari,Desa Ngadirojo,Mekarsari I
Arjosari,Desa Nogosari,Karya Mulya I
Arjosari,Desa Pagerejo,Bangunrejo I
Arjosari,Desa Sidomulyo (Ngadirojo),Kwt. Lestari Mulyo
Arjosari,Desa Tanjunglor,Margo Rukun I
Arjosari,Desa Tanjungpuro,Makmur I
Arjosari,Desa Wiyoro,Mardi Rejo I
Arjosari,Desa Wonoasri,Eras Asri I
Arjosari,Desa Wonodadi Kulon,Dharma Bakti
Arjosari,Desa Wonodadi Wetan,Sido Makmur I
Arjosari,Desa Wonokarto,Eras I
Arjosari,Desa Wonosobo,Eras Sobo 5
Arjosari,Desa Arjowinangun,Sido Asih I
Arjosari,Kelurahan Baleharjo,Eko Proyo I
Arjosari,Desa Bangunsari (Pacitan),Gemah Ripah I
Arjosari,Desa Banjarsari,Kwt Melati
Arjosari,Desa Bolosingo,Utama Karya I
Arjosari,Desa Kayen,Kwt Karya Makmur
Arjosari,Desa Kembang,Sido Mekar 1
Arjosari,Desa Menadi,Kwt Srikandi
Arjosari,Desa Mentoro,Sedyo Tani I
Arjosari,Desa Nanggungan,Kwt Pademangan Putri
Arjosari,Kelurahan Pacitan,Manunggal I
Arjosari,Kelurahan Ploso,Kwt Margo Makmur Vi A
Arjosari,Desa Ponggok,Sido Makmur I
Arjosari,Kelurahan Pucangsewu,Karyo Tomo I
Arjosari,Desa Purworejo,Kwt Sido Dadi
Arjosari,Desa Sambong,Argo Mulyo I
Arjosari,Desa Sedeng,Mekar Sari I
Arjosari,Desa Semanten,Mugi Rahayu I
Arjosari,Kelurahan Sidoharjo,Kwt Bina Makmur
Arjosari,Desa Sirnoboyo,Kwt Mekar Sari
Arjosari,Desa Sukoharjo,Kwt Sido Rukun
Arjosari,Desa Sumberharjo,Kwt Rejo Mulyo
Arjosari,Desa Tambakrejo,Karya Tani I
Arjosari,Desa Tanjungsari,Karya Tunggal I
Arjosari,Desa Widoro (Pacitan),Kwt Sido Mapan
Arjosari,Desa Candi,Nuju Makmur 01
Arjosari,Desa Dadapan,Suka Maju 01
Arjosari,Desa Dersono,Sakti I
Arjosari,Desa Glinggangan,Margo Mulyo 01
Arjosari,Desa Jlubang,Selo Rejeki I
Arjosari,Desa Ngadirejan,Blimbing Sari
Arjosari,Desa Pelem,Sri Rejeki I
Arjosari,Desa Poko,Lestari I
Arjosari,Desa Pringkuku,Janti Makmur
Arjosari,Desa Sobo,Sido Mulyo I
Arjosari,Desa Sugihwaras,Gemah Ripah I
Arjosari,Desa Tamanasri,Sido Mulyo Sepuluh
Arjosari,Desa Watu Karung,Kwt Sido Mukti 4
Arjosari,Desa Bomo,Kwt Manunggal Mukti
Arjosari,Desa Gondosari,Maju Lancar
Arjosari,Desa Kebonsari,Harapan
Arjosari,Desa Kendal,Tani Harapan
Arjosari,Desa Mantren (Punung),Fajar Rahayu
Arjosari,Desa Mendolo Kidul,Karya Luhur I
Arjosari,Desa Mendolo Lor,Basuki Makmur
Arjosari,Desa Piton,Budi Luhur
Arjosari,Desa Ploso (Punung),Amanah
Arjosari,Desa Punung,Karya Tani
Arjosari,Desa Sooka,Mardi Utomo
Arjosari,Desa Tinatar,Ayem Tentrem
Arjosari,Desa Wareng,Eko Budoyo
Arjosari,Desa Gunung Rejo,Mekar Sari 1
Arjosari,Desa Karang Mulyo,Kwt. Sri Tanjung
Arjosari,Desa Ketanggung,Sedya Mulya 1
Arjosari,Desa Klepu (Sudimoro),Batu Guna
Arjosari,Desa Pager Kidul,Kutilang 1
Arjosari,Desa Pager Lor,Karya Tani
Arjosari,Desa Sembowo,Margo Mulyo 1
Arjosari,Desa Sudimoro,Kwt. Srikandi
Arjosari,Desa Sukorejo,Kwt Kali Rejo
Arjosari,Desa Sumber Rejo,Sido Lancar
Arjosari,Desa Gedangan,Rukun Tani I
Arjosari,Desa Gemaharjo,Gemah Ripah 1
Arjosari,Desa Kasihan,Among Tani I
Arjosari,Desa Kebondalem,Sedyo Maju I
Arjosari,Desa Kemuning,Puncak Sewu
Arjosari,Desa Ngreco,Kwt Lumbu Indah
Arjosari,Desa Ploso (Tegalombo),Karya Makmur I
Arjosari,Desa Pucangombo,Mandiri Mapan
Arjosari,Desa Tahunan,Al-Fattah
Arjosari,Desa Tahunan Baru,Gondo Arum
Arjosari,Desa Tegalombo,Handayani I
Arjosari,Desa Bubakan,Ngudi Bogo I
Arjosari,Desa Bungur,Karya Tani I
Arjosari,Desa Gasang,Margo Makmur I
Arjosari,Desa Jatigunung,Jati Mulyo 1
Arjosari,Desa Jetak,Darma Tani I
Arjosari,Desa Kalikuning,Kwt Sido Lancar
Arjosari,Desa Ketro (Tulakan),Subur Makmur 1
Arjosari,Desa Ketro Harjo,Harjo Makmur 1
Arjosari,Desa Kluwih,Setya Karya Dua
Arjosari,Desa Losari,Mekar Sari 1
Arjosari,Desa Ngile,Edi Peni I
Arjosari,Desa Nglaran,Kwt. Jamu Seger Manis
Arjosari,Desa Ngumbul,Waluyo Asih I
Arjosari,Desa Padi,Padi Waras 2
Arjosari,Desa Tulakan,Ngupadi Hasil 1
Arjosari,Desa Wonoanti,Gemah Ripah 1
Arjosari,Desa Wonosidi,Budi Karya 1
Bandar,Arjosari,Desa Borang
Bandar,Bandar,Desa Bangunsari Bandar
Bandar,Donorojo,Desa Cemeng
Bandar,Kebonagung,Desa Gawang
Bandar,Nawangan,Desa Jetislor
Bandar,Ngadirojo,Desa Bogoharjo
Bandar,Pacitan,Kelurahan Baleharjo
Bandar,Pringkuku,Desa Dadapan
Bandar,Punung,Desa Gondosari
Bandar,Sudimoro,Desa Karang Mulyo
Bandar,Tegalombo,Desa Gemaharjo
Bandar,Tulakan,Desa Bungur
Bandar,Desa Arjosari,Adil Makmur I
Bandar,Desa Borang,Sido Rukun I
Bandar,Desa Gayuhan,Kwt Gayuh Sehat Ii
Bandar,Desa Gegeran,Sido Dadi
Bandar,Desa Gembong,Kwt Sumber Urip Ii
Bandar,Desa Gunungsari,Kwt Melati Putih
Bandar,Desa Jatimalang,Lestari I
Bandar,Desa Jetis Kidul,Sido Subur Ii
Bandar,Desa Karanggede,Tani Maju I
Bandar,Desa Karangrejo,Sumber Urip Ii
Bandar,Desa Kedungbendo,Rukun Iii
Bandar,Desa Mangunharjo,Sido Mulyo I
Bandar,Desa Mlati,Sido Makmur I
Bandar,Desa Pagutan,Rukun Santosa 01
Bandar,Desa Sedayu,Makmur Rukun Ii
Bandar,Desa Temon,Akur Ii
Bandar,Desa Tremas,Guyup Rukun 01
Bandar,Desa Bandar,Edi Peni
Bandar,Desa Bangunsari Bandar,Cipto Tani
Bandar,Desa Jeruk,Budi Utomo
Bandar,Desa Kledung,Enggal Lestari
Bandar,Desa Ngunut,Lestari
Bandar,Desa Petungsinarang,Kenanga Ii
Bandar,Desa Tumpuk,Kenanga
Bandar,Desa Watupatok,Gunung Sari Dua
Bandar,Desa Belah,Hasil Tani
Bandar,Desa Cemeng,Eko Makaryo
Bandar,Desa Donorojo,Karya Bakti
Bandar,Desa Gedompol,Mardi Makmur I
Bandar,Desa Gendaran,Kwt Karya Maju
Bandar,Desa Kalak,Barokah
Bandar,Desa Klepu Donorojo,Makmur
Bandar,Desa Sawahan,Budi Luhur
Bandar,Desa Sekar,Ngudi Rahayu
Bandar,Desa Sendang,Makmur
Bandar,Desa Sukodono,Budi Mulyo
Bandar,Desa Widoro (Donorojo),Ngudi Makmur
Bandar,Desa Banjarjo,Sumber Makmur 2
Bandar,Desa Gawang,Setyo Maju 3
Bandar,Desa Gembuk,Tri Karsa 10
Bandar,Desa Kalipelus,Tani Maju 2
Bandar,Desa Karanganyar,Gotong Royong 2
Bandar,Desa Karangnongko,Sedyo Makmur 2
Bandar,Desa Katipugal,Pratolo Mulyo 2
Bandar,Desa Kebonagung,Mentes 2
Bandar,Desa Ketepung,Sido Mekar 2
Bandar,Desa Ketro (Kebonagung),Sido Maju 2
Bandar,Desa Klesem,Sari Tani 2
Bandar,Desa Mantren (Kebonagung),Margo Subur 2
Bandar,Desa Plumbungan,Lestari Ii
Bandar,Desa Punjung,Ngudi Makmur 2
Bandar,Desa Purwoasri,Sumber Asri 2
Bandar,Desa Sanggrahan,Setya Usaha Ii
Bandar,Desa Sidomulyo (Kebonagung),Bumi Harum 10
Bandar,Desa Wonogondo,Sido Rejo 2
Bandar,Desa Worawari,Sido Makmur 2
Bandar,Desa Gondang,Dewi Sri
Bandar,Desa Jetislor,Dono Asih
Bandar,Desa Mujing,Karya Makmur Ii
Bandar,Desa Nawangan,Manunggal Karya
Bandar,Desa Ngromo,Bina Tani I
Bandar,Desa Pakisbaru,Hargo Mulyo
Bandar,Desa Penggung,Lestari
Bandar,Desa Sempu,Karya Muda
Bandar,Desa Tokawi,Hidayah
Bandar,Desa Bodag,Ngudi Luhur Ii
Bandar,Desa Bogoharjo,Mardi Rahayu I
Bandar,Desa Cangkring,Sukodono Ii
Bandar,Desa Cokrokembang,Rukun Makmur Ii
Bandar,Desa Hadiluwih,Peni
Bandar,Desa Hadiwarno,Tunas Harapan I
Bandar,Desa Ngadirojo,Mekarsari Ii
Bandar,Desa Nogosari,Karya Mulya Ii
Bandar,Desa Pagerejo,Bangunrejo Ii
Bandar,Desa Sidomulyo (Ngadirojo),Widyasana I
Bandar,Desa Tanjunglor,Margo Rukun Ii
Bandar,Desa Tanjungpuro,Makmur Ii
Bandar,Desa Wiyoro,Mardi Rejo Ii
Bandar,Desa Wonoasri,Eras Asri Ii
Bandar,Desa Wonodadi Kulon,Ngudi Makmur I
Bandar,Desa Wonodadi Wetan,Sido Makmur Ii
Bandar,Desa Wonokarto,Eras Ii
Bandar,Desa Wonosobo,Eras Sobo I
Bandar,Desa Arjowinangun,Sido Asih Ii
Bandar,Kelurahan Baleharjo,Eko Proyo Ii
Bandar,Desa Bangunsari (Pacitan),Gemah Ripah Ii
Bandar,Desa Banjarsari,Sido Dadi I
Bandar,Desa Bolosingo,Utama Karya Ii
Bandar,Desa Kayen,Kwt Sumber Rejeki
Bandar,Desa Kembang,Sido Mekar 2
Bandar,Desa Menadi,Gemah Ripah I
Bandar,Desa Mentoro,Sedyo Tani Ii
Bandar,Desa Nanggungan,Sedyo Rukun I
Bandar,Kelurahan Pacitan,Manunggal Ii
Bandar,Kelurahan Ploso,Margo Makmur I
Bandar,Desa Ponggok,Sido Makmur Ii
Bandar,Kelurahan Pucangsewu,Karyo Tomo Ii
Bandar,Desa Purworejo,Margo Mulyo I
Bandar,Desa Sambong,Argo Mulyo Ii
Bandar,Desa Sedeng,Mekar Sari Ii
Bandar,Desa Semanten,Mugi Rahayu Ii
Bandar,Kelurahan Sidoharjo,Kwt Mekar Makmur
Bandar,Desa Sirnoboyo,Sido Maju I
Bandar,Desa Sukoharjo,Sido Rukun I
Bandar,Desa Sumberharjo,Kwt Tani Maju
Bandar,Desa Tambakrejo,Karya Tani Ii
Bandar,Desa Tanjungsari,Karya Tunggal Ii
Bandar,Desa Widoro (Pacitan),Sidodadi I
Bandar,Desa Candi,Nuju Makmur Ii
Bandar,Desa Dadapan,Suka Maju 05
Bandar,Desa Dersono,Sakti Ii
Bandar,Desa Glinggangan,Margo Mulyo 05
Bandar,Desa Jlubang,Selo Rejeki Ii
Bandar,Desa Ngadirejan,Kwt. Rindang
Bandar,Desa Pelem,Sri Rejeki Ii
Bandar,Desa Poko,Lestari Ii
Bandar,Desa Pringkuku,Gondang Rejo I
Bandar,Desa Sobo,Sido Mulyo Ii
Bandar,Desa Sugihwaras,Gemah Ripah Ii
Bandar,Desa Tamanasri,Kwt. Budi Lestari
Bandar,Desa Watu Karung,Kwt Sido Mukti I
Bandar,Desa Bomo,Manunggal Mukti
Bandar,Desa Gondosari,Margo Dadi
Bandar,Desa Kebonsari,Lestari
Bandar,Desa Kendal,Tani Makmur
Bandar,Desa Mantren (Punung),Handayani
Bandar,Desa Mendolo Kidul,Karya Luhur Ii
Bandar,Desa Mendolo Lor,Eko Karyo
Bandar,Desa Piton,Karya Tani
Bandar,Desa Ploso (Punung),Hidayah
Bandar,Desa Punung,Maju Lancar I
Bandar,Desa Sooka,Mardi Waluyo I
Bandar,Desa Tinatar,Bakti Utomo
Bandar,Desa Wareng,Ngudi Makmur
Bandar,Desa Gunung Rejo,Mekar Sari 2
Bandar,Desa Karang Mulyo,Margo Mulyo
Bandar,Desa Ketanggung,Sedya Mulya 2
Bandar,Desa Klepu (Sudimoro),Lajur Sempu 1
Bandar,Desa Pager Kidul,Kutilang 2
Bandar,Desa Pager Lor,Ngudi Mulyo 1
Bandar,Desa Sembowo,Margo Mulyo 2
Bandar,Desa Sudimoro,Mijil Pangan
Bandar,Desa Sukorejo,Kwt Marsudi Tani
Bandar,Desa Sumber Rejo,Duren Manis 1
Bandar,Desa Gedangan,Rukun Tani Ii
Bandar,Desa Gemaharjo,Gemah Ripah 2
Bandar,Desa Kasihan,Among Tani Ii
Bandar,Desa Kebondalem,Sedyo Maju Ii
Bandar,Desa Kemuning,Sido Makmur I
Bandar,Desa Ngreco,Sumber Tani I
Bandar,Desa Ploso (Tegalombo),Karya Makmur Ii
Bandar,Desa Pucangombo,Mekar Dadi
Bandar,Desa Tahunan,Bumi Rahayu
Bandar,Desa Tahunan Baru,Kwt Lestari
Bandar,Desa Tegalombo,Handayani Ii
Bandar,Desa Bubakan,Ngudi Bogo Ii
Bandar,Desa Bungur,Karya Tani Ii
Bandar,Desa Gasang,Margo Makmur Ii
Bandar,Desa Jatigunung,Jati Mulyo 2
Bandar,Desa Jetak,Darma Tani Ii
Bandar,Desa Kalikuning,Margo Mulyo 1
Bandar,Desa Ketro (Tulakan),Subur Makmur 2
Bandar,Desa Ketro Harjo,Harjo Makmur 2
Bandar,Desa Kluwih,Setya Karya Empat
Bandar,Desa Losari,Mekar Sari 2
Bandar,Desa Ngile,Edi Peni Ii
Bandar,Desa Nglaran,Tani Makmur 1
Bandar,Desa Ngumbul,Waluyo Asih Ii
Bandar,Desa Padi,Padi Waras 3
Bandar,Desa Tulakan,Ngupadi Hasil 2
Bandar,Desa Wonoanti,Gemah Ripah 2
Bandar,Desa Wonosidi,Budi Karya 2
Donorojo,Arjosari,Desa Gayuhan
Donorojo,Bandar,Desa Jeruk
Donorojo,Donorojo,Desa Donorojo
Donorojo,Kebonagung,Desa Gembuk
Donorojo,Nawangan,Desa Mujing
Donorojo,Ngadirojo,Desa Cangkring
Donorojo,Pacitan,Desa Bangunsari (Pacitan)
Donorojo,Pringkuku,Desa Dersono
Donorojo,Punung,Desa Kebonsari
Donorojo,Sudimoro,Desa Ketanggung
Donorojo,Tegalombo,Desa Kasihan
Donorojo,Tulakan,Desa Gasang
Donorojo,Desa Arjosari,Adil Makmur Ii
Donorojo,Desa Borang,Sido Rukun Ii
Donorojo,Desa Gayuhan,Rukun Makmur I
Donorojo,Desa Gegeran,Sido Makmur
Donorojo,Desa Gembong,Sumber Urip I
Donorojo,Desa Gunungsari,Margo Makmur I
Donorojo,Desa Jatimalang,Lestari Ii
Donorojo,Desa Jetis Kidul,Sido Subur Iii
Donorojo,Desa Karanggede,Tani Maju Ii
Donorojo,Desa Karangrejo,Sumber Urip Iii
Donorojo,Desa Kedungbendo,Rukun Tani I
Donorojo,Desa Mangunharjo,Sido Mulyo Ib
Donorojo,Desa Mlati,Sido Makmur Ii
Donorojo,Desa Pagutan,Rukun Santosa Iii
Donorojo,Desa Sedayu,Makmur Rukun Iii
Donorojo,Desa Temon,Akur Iii
Donorojo,Desa Tremas,Guyup Rukun 02
Donorojo,Desa Bandar,Eko Sayekti
Donorojo,Desa Bangunsari Bandar,Dadi Makmur
Donorojo,Desa Jeruk,Gunung Subur
Donorojo,Desa Kledung,Jati Sari
Donorojo,Desa Ngunut,Makmur Dua
Donorojo,Desa Petungsinarang,Sido Dadi
Donorojo,Desa Tumpuk,Margo Makmur Dua
Donorojo,Desa Watupatok,Gunung Sari Satu
Donorojo,Desa Belah,Karya Bima
Donorojo,Desa Cemeng,Gawe Santoso
Donorojo,Desa Donorojo,Karya Tani
Donorojo,Desa Gedompol,Mardi Makmur Ii
Donorojo,Desa Gendaran,Margi Laras
Donorojo,Desa Kalak,Dadi Makmur
Donorojo,Desa Klepu Donorojo,Margo Mulyo
Donorojo,Desa Sawahan,Margo Mulyo
Donorojo,Desa Sekar,Sido Dadi I
Donorojo,Desa Sendang,Manunggal Bakti
Donorojo,Desa Sukodono,Dadi Subur
Donorojo,Desa Widoro (Donorojo),Sido Makmur
Donorojo,Desa Banjarjo,Sumber Makmur 3
Donorojo,Desa Gawang,Setyo Maju 4
Donorojo,Desa Gembuk,Tri Karsa 11
Donorojo,Desa Kalipelus,Tani Maju 3
Donorojo,Desa Karanganyar,Gotong Royong 3
Donorojo,Desa Karangnongko,Sedyo Makmur 3
Donorojo,Desa Katipugal,Pratolo Mulyo 3
Donorojo,Desa Kebonagung,Mentes 3
Donorojo,Desa Ketepung,Sido Mekar 3
Donorojo,Desa Ketro (Kebonagung),Sido Maju 3
Donorojo,Desa Klesem,Sari Tani 3
Donorojo,Desa Mantren (Kebonagung),Margo Subur 3
Donorojo,Desa Plumbungan,Lestari Iii
Donorojo,Desa Punjung,Ngudi Makmur 3
Donorojo,Desa Purwoasri,Sumber Asri 3
Donorojo,Desa Sanggrahan,Setya Usaha Iii
Donorojo,Desa Sidomulyo (Kebonagung),Bumi Harum 11
Donorojo,Desa Wonogondo,Sido Rejo 3
Donorojo,Desa Worawari,Sido Makmur 3
Donorojo,Desa Gondang,Hargo Sedah
Donorojo,Desa Jetislor,Indah Karya I
Donorojo,Desa Mujing,Margo Rahayu
Donorojo,Desa Nawangan,Mawar
Donorojo,Desa Ngromo,Bina Tani Ii
Donorojo,Desa Pakisbaru,Lestari Mulyo
Donorojo,Desa Penggung,Ngudi Boga
Donorojo,Desa Sempu,Maju Tani
Donorojo,Desa Tokawi,Karya Makmur
Donorojo,Desa Bodag,Ngudi Luhur Iii
Donorojo,Desa Bogoharjo,Mardi Rahayu Ii
Donorojo,Desa Cangkring,Sukodono Iii
Donorojo,Desa Cokrokembang,Rukun Makmur Iii
Donorojo,Desa Hadiluwih,Peni I
Donorojo,Desa Hadiwarno,Tunas Harapan Ii
Donorojo,Desa Ngadirojo,Mekarsari Iii
Donorojo,Desa Nogosari,Karya Mulya Iii
Donorojo,Desa Pagerejo,Bangunrejo Iii
Donorojo,Desa Sidomulyo (Ngadirojo),Widyasana Ii
Donorojo,Desa Tanjunglor,Margo Rukun Iii
Donorojo,Desa Tanjungpuro,Makmur Iii
Donorojo,Desa Wiyoro,Mardi Rejo Iii
Donorojo,Desa Wonoasri,Eras Asri Iii
Donorojo,Desa Wonodadi Kulon,Ngudi Makmur Ii
Donorojo,Desa Wonodadi Wetan,Sido Makmur Iii
Donorojo,Desa Wonokarto,Eras Iii
Donorojo,Desa Wonosobo,Eras Sobo Ii
Donorojo,Desa Arjowinangun,Sido Asih Iii
Donorojo,Kelurahan Baleharjo,Kwt Sakura Iii
Donorojo,Desa Bangunsari (Pacitan),Gemah Ripah Iii
Donorojo,Desa Banjarsari,Sido Dadi Ii
Donorojo,Desa Bolosingo,Utama Karya Iii
Donorojo,Desa Kayen,Sumber Urip I
Donorojo,Desa Kembang,Sido Mekar 3
Donorojo,Desa Menadi,Gemah Ripah Ii
Donorojo,Desa Mentoro,Sedyo Tani Iii
Donorojo,Desa Nanggungan,Sedyo Rukun Ii
Donorojo,Kelurahan Ploso,Margo Makmur Ii
Donorojo,Desa Ponggok,Sido Makmur Iii
Donorojo,Desa Purworejo,Margo Mulyo Ii
Donorojo,Desa Sambong,Argo Mulyo Iii
Donorojo,Desa Sedeng,Mekar Sari Iii
Donorojo,Desa Semanten,Mugi Rahayu Iii
Donorojo,Kelurahan Sidoharjo,Sido Makmur I
Donorojo,Desa Sirnoboyo,Sido Maju Ii
Donorojo,Desa Sukoharjo,Sido Rukun Ii
Donorojo,Desa Sumberharjo,Sumber Makmur I
Donorojo,Desa Tambakrejo,Karya Tani Iii
Donorojo,Desa Tanjungsari,Karya Tunggal Iii
Donorojo,Desa Widoro (Pacitan),Sidodadi Ii
Donorojo,Desa Candi,Nuju Makmur Iii
Donorojo,Desa Dadapan,Suka Maju Ii
Donorojo,Desa Dersono,Sakti Iii
Donorojo,Desa Glinggangan,Margo Mulyo Ii
Donorojo,Desa Jlubang,Selo Rejeki Iii
Donorojo,Desa Ngadirejan,Sumber Rejeki Dua
Donorojo,Desa Pelem,Sri Rejeki Iii
Donorojo,Desa Poko,Lestari Iii
Donorojo,Desa Pringkuku,Gondang Rejo Ii
Donorojo,Desa Sobo,Sido Mulyo Iii
Donorojo,Desa Sugihwaras,Gemah Ripah Iii
Donorojo,Desa Tamanasri,Sido Mulyo Ii
Donorojo,Desa Watu Karung,Margo Mukti
Donorojo,Desa Bomo,Marsudi Tani
Donorojo,Desa Gondosari,Margo Tani
Donorojo,Desa Kebonsari,Ngudi Makmur
Donorojo,Desa Kendal,Tani Mulyo
Donorojo,Desa Mantren (Punung),Ngudi Rukun
Donorojo,Desa Mendolo Kidul,Karya Tani
Donorojo,Desa Mendolo Lor,Handayani
Donorojo,Desa Piton,Rukun Tani
Donorojo,Desa Ploso (Punung),Kurnia
Donorojo,Desa Punung,Maju Lancar Ii
Donorojo,Desa Sooka,Mardi Waluyo Ii
Donorojo,Desa Tinatar,Budi Lestari
Donorojo,Desa Wareng,Sido Dadi
Donorojo,Desa Gunung Rejo,Mekar Sari 3
Donorojo,Desa Karang Mulyo,Margo Rukun
Donorojo,Desa Ketanggung,Sedya Mulya 3
Donorojo,Desa Klepu (Sudimoro),Lajur Sempu 2
Donorojo,Desa Pager Kidul,Lumpang Bogo 1
Donorojo,Desa Pager Lor,Ngudi Mulyo 2
Donorojo,Desa Sembowo,Margo Mulyo 3
Donorojo,Desa Sudimoro,Ngudi Makmur
Donorojo,Desa Sukorejo,Marsudi Tani 1
Donorojo,Desa Sumber Rejo,Duren Manis 2
Donorojo,Desa Gedangan,Rukun Tani Iii
Donorojo,Desa Gemaharjo,Gemah Ripah 3
Donorojo,Desa Kasihan,Among Tani Iii
Donorojo,Desa Kebondalem,Sedyo Maju Iii
Donorojo,Desa Kemuning,Sido Makmur Ii
Donorojo,Desa Ngreco,Sumber Tani Ii
Donorojo,Desa Ploso (Tegalombo),Karya Makmur Iii
Donorojo,Desa Pucangombo,Rukun Tani 2
Donorojo,Desa Tahunan,Karya Makmur I
Donorojo,Desa Tahunan Baru,Sido Rukun I
Donorojo,Desa Tegalombo,Handayani Iv
Donorojo,Desa Bubakan,Ngudi Bogo Iii
Donorojo,Desa Bungur,Karya Tani Iii
Donorojo,Desa Gasang,Margo Makmur Iii
Donorojo,Desa Jatigunung,Jati Mulyo 3
Donorojo,Desa Jetak,Darma Tani Iii
Donorojo,Desa Kalikuning,Margo Mulyo 10
Donorojo,Desa Ketro (Tulakan),Subur Makmur Iv
Donorojo,Desa Ketro Harjo,Harjo Makmur 3
Donorojo,Desa Kluwih,Setya Karya Satu
Donorojo,Desa Losari,Mekar Sari 3
Donorojo,Desa Ngile,Edi Peni Iii
Donorojo,Desa Nglaran,Tani Makmur Ii
Donorojo,Desa Ngumbul,Waluyo Asih Iii
Donorojo,Desa Padi,Padi Waras 4
Donorojo,Desa Tulakan,Ngupadi Hasil 3
Donorojo,Desa Wonoanti,Gemah Ripah 3
Donorojo,Desa Wonosidi,Budi Karya 3
Kebonagung,Arjosari,Desa Gegeran
Kebonagung,Bandar,Desa Kledung
Kebonagung,Donorojo,Desa Gedompol
Kebonagung,Kebonagung,Desa Kalipelus
Kebonagung,Nawangan,Desa Nawangan
Kebonagung,Ngadirojo,Desa Cokrokembang
Kebonagung,Pacitan,Desa Banjarsari
Kebonagung,Pringkuku,Desa Glinggangan
Kebonagung,Punung,Desa Kendal
Kebonagung,Sudimoro,Desa Klepu (Sudimoro)
Kebonagung,Tegalombo,Desa Kebondalem
Kebonagung,Tulakan,Desa Jatigunung
Kebonagung,Desa Arjosari,Adil Makmur Iii
Kebonagung,Desa Borang,Sido Rukun Iii
Kebonagung,Desa Gayuhan,Rukun Makmur Ii
Kebonagung,Desa Gegeran,Sido Mulyo
Kebonagung,Desa Gembong,Sumber Urip Ii
Kebonagung,Desa Gunungsari,Margo Makmur Ii
Kebonagung,Desa Jatimalang,Lestari Iii
Kebonagung,Desa Jetis Kidul,Sido Subur Iv
Kebonagung,Desa Karanggede,Tani Maju Iii
Kebonagung,Desa Karangrejo,Sumber Urip Iv
Kebonagung,Desa Kedungbendo,Rukun Tani Ii
Kebonagung,Desa Mangunharjo,Sido Mulyo Ii
Kebonagung,Desa Mlati,Sido Makmur Iii
Kebonagung,Desa Pagutan,Rukun Santosa Iv
Kebonagung,Desa Sedayu,Makmur Rukun Iv
Kebonagung,Desa Temon,Akur Iv
Kebonagung,Desa Tremas,Guyup Rukun 03
Kebonagung,Desa Bandar,Gunung Subur
Kebonagung,Desa Bangunsari Bandar,Endah Peni
Kebonagung,Desa Jeruk,Hargo Makmur
Kebonagung,Desa Kledung,Karya Tunggal
Kebonagung,Desa Ngunut,Makmur Satu
Kebonagung,Desa Petungsinarang,Sido Dadi 1
Kebonagung,Desa Tumpuk,Margo Makmur Satu
Kebonagung,Desa Watupatok,Mekar Dadi
Kebonagung,Desa Belah,Karya Makmur
Kebonagung,Desa Cemeng,Gotong Royong
Kebonagung,Desa Donorojo,Kwt Mekar Sari
Kebonagung,Desa Gedompol,Mardi Makmur Iii
Kebonagung,Desa Gendaran,Margo Mulyo
Kebonagung,Desa Kalak,Dadi Mulyo
Kebonagung,Desa Klepu Donorojo,Mekar Sari
Kebonagung,Desa Sawahan,Rukun Makmur
Kebonagung,Desa Sekar,Sido Dadi Ii
Kebonagung,Desa Sendang,Rukun Tani
Kebonagung,Desa Sukodono,Giri Mulyo
Kebonagung,Desa Widoro (Donorojo),Sido Tani
Kebonagung,Desa Banjarjo,Sumber Makmur 4
Kebonagung,Desa Gawang,Setyo Maju 5
Kebonagung,Desa Gembuk,Tri Karsa 2
Kebonagung,Desa Kalipelus,Tani Maju 4
Kebonagung,Desa Karanganyar,Gotong Royong 4
Kebonagung,Desa Karangnongko,Sedyo Makmur 4
Kebonagung,Desa Katipugal,Pratolo Mulyo 4
Kebonagung,Desa Ketepung,Sido Mekar 4
Kebonagung,Desa Ketro (Kebonagung),Sido Maju 4
Kebonagung,Desa Klesem,Sari Tani 4
Kebonagung,Desa Mantren (Kebonagung),Margo Subur 4
Kebonagung,Desa Plumbungan,Lestari Iv
Kebonagung,Desa Punjung,Ngudi Makmur 4
Kebonagung,Desa Purwoasri,Sumber Asri 4
Kebonagung,Desa Sanggrahan,Setya Usaha Iv
Kebonagung,Desa Sidomulyo (Kebonagung),Bumi Harum 12
Kebonagung,Desa Wonogondo,Sido Rejo 4
Kebonagung,Desa Worawari,Sido Makmur 4
Kebonagung,Desa Gondang,Karya Mandiri
Kebonagung,Desa Jetislor,Karya Bakti
Kebonagung,Desa Mujing,Margo Rahayu 2
Kebonagung,Desa Nawangan,Nawanggono
Kebonagung,Desa Ngromo,Bina Tani Iii
Kebonagung,Desa Pakisbaru,Margo Mulyo
Kebonagung,Desa Penggung,Ngudi Luhur
Kebonagung,Desa Sempu,Marsudi Subur
Kebonagung,Desa Tokawi,Karya Tani
Kebonagung,Desa Bodag,Ngudi Luhur Iv
Kebonagung,Desa Bogoharjo,Mardi Rahayu Iii
Kebonagung,Desa Cangkring,Sukodono Iv
Kebonagung,Desa Cokrokembang,Rukun Makmur Iv
Kebonagung,Desa Hadiluwih,Peni Ii
Kebonagung,Desa Hadiwarno,Tunas Harapan Iii
Kebonagung,Desa Ngadirojo,Mekarsari Iv
Kebonagung,Desa Nogosari,Karya Mulya Iv
Kebonagung,Desa Pagerejo,Bangunrejo Iv
Kebonagung,Desa Sidomulyo (Ngadirojo),Widyasana Iii
Kebonagung,Desa Tanjunglor,Margo Rukun Iv
Kebonagung,Desa Tanjungpuro,Makmur Iv
Kebonagung,Desa Wiyoro,Mardi Rejo Iv
Kebonagung,Desa Wonoasri,Eras Asri Iv
Kebonagung,Desa Wonodadi Kulon,Ngudi Makmur Iii
Kebonagung,Desa Wonodadi Wetan,Sido Makmur Iv
Kebonagung,Desa Wonokarto,Eras Iv
Kebonagung,Desa Wonosobo,Eras Sobo Iii
Kebonagung,Desa Arjowinangun,Sido Asih Iv
Kebonagung,Desa Bangunsari (Pacitan),Gemah Ripah Iv
Kebonagung,Desa Banjarsari,Sido Dadi Iii
Kebonagung,Desa Bolosingo,Utama Karya Iv
Kebonagung,Desa Kayen,Sumber Urip Ii
Kebonagung,Desa Kembang,Sido Mekar 4
Kebonagung,Desa Menadi,Gemah Ripah Iii
Kebonagung,Desa Nanggungan,Sedyo Rukun Iii
Kebonagung,Kelurahan Ploso,Margo Makmur Iii
Kebonagung,Desa Ponggok,Sido Makmur Iv
Kebonagung,Desa Purworejo,Margo Mulyo Iii
Kebonagung,Desa Sambong,Argo Mulyo Iv
Kebonagung,Desa Sedeng,Mekar Sari Iv
Kebonagung,Desa Semanten,Mugi Rahayu Iv
Kebonagung,Kelurahan Sidoharjo,Sido Makmur Ii
Kebonagung,Desa Sirnoboyo,Sido Maju Iii
Kebonagung,Desa Sukoharjo,Sido Rukun Iii
Kebonagung,Desa Sumberharjo,Sumber Makmur Ii
Kebonagung,Desa Tambakrejo,Kwt Dewi Sri
Kebonagung,Desa Tanjungsari,Kwt Sri Tanjung
Kebonagung,Desa Widoro (Pacitan),Sidodadi Iii
Kebonagung,Desa Candi,Nuju Makmur Iv
Kebonagung,Desa Dadapan,Suka Maju Iii
Kebonagung,Desa Dersono,Sakti Iv
Kebonagung,Desa Glinggangan,Margo Mulyo Iii
Kebonagung,Desa Jlubang,Selo Rejeki Iv
Kebonagung,Desa Ngadirejan,Sumber Rejeki Iii
Kebonagung,Desa Pelem,Sri Rejeki Iv
Kebonagung,Desa Poko,Lestari Iv
Kebonagung,Desa Pringkuku,Gondang Rejo V
Kebonagung,Desa Sobo,Sido Mulyo Iv
Kebonagung,Desa Sugihwaras,Gemah Ripah Ix
Kebonagung,Desa Tamanasri,Sido Mulyo Iii
Kebonagung,Desa Watu Karung,Sido Mukti I
Kebonagung,Desa Bomo,Mekar Sari
Kebonagung,Desa Gondosari,Rahayu
Kebonagung,Desa Kebonsari,Sido Dadi
Kebonagung,Desa Kendal,Tani Murni
Kebonagung,Desa Mantren (Punung),Rukun Mulyo
Kebonagung,Desa Mendolo Kidul,Margo Tresno
Kebonagung,Desa Mendolo Lor,Karya Bakti
Kebonagung,Desa Piton,Sido Luhur
Kebonagung,Desa Ploso (Punung),Margo Asih
Kebonagung,Desa Punung,Margo Mulyo
Kebonagung,Desa Sooka,Margo Gesang
Kebonagung,Desa Tinatar,Karya Makmur
Kebonagung,Desa Wareng,Sido Makmur
Kebonagung,Desa Gunung Rejo,Sumber Rejeki 1
Kebonagung,Desa Karang Mulyo,Sido Dadi 1
Kebonagung,Desa Ketanggung,Sedya Mulya 4
Kebonagung,Desa Klepu (Sudimoro),Lajur Sempu 3
Kebonagung,Desa Pager Kidul,Lumpang Bogo 2
Kebonagung,Desa Pager Lor,Ngudi Tani
Kebonagung,Desa Sembowo,Margo Mulyo 4
Kebonagung,Desa Sudimoro,Ngudi Mulyo 1
Kebonagung,Desa Sukorejo,Marsudi Tani 2
Kebonagung,Desa Sumber Rejo,Kwt Ngudi Rahayu
Kebonagung,Desa Gemaharjo,Gemah Ripah 4
Kebonagung,Desa Kasihan,Among Tani Iv
Kebonagung,Desa Kebondalem,Sedyo Maju Iv
Kebonagung,Desa Kemuning,Sido Makmur Iv
Kebonagung,Desa Ngreco,Sumber Tani Iii
Kebonagung,Desa Ploso (Tegalombo),Karya Makmur Iv
Kebonagung,Desa Pucangombo,Rukun Tani 3
Kebonagung,Desa Tahunan,Karya Makmur Ii
Kebonagung,Desa Tahunan Baru,Sido Rukun Ii
Kebonagung,Desa Tegalombo,Handayani V
Kebonagung,Desa Bubakan,Ngudi Bogo Iv
Kebonagung,Desa Bungur,Karya Tani Iv
Kebonagung,Desa Jatigunung,Jati Mulyo 4
Kebonagung,Desa Jetak,Darma Tani Iv
Kebonagung,Desa Kalikuning,Margo Mulyo 2
Kebonagung,Desa Ketro (Tulakan),Subur Makmur Ix
Kebonagung,Desa Ketro Harjo,Harjo Makmur 4
Kebonagung,Desa Kluwih,Setya Karya Tiga
Kebonagung,Desa Losari,Mekar Sari 4
Kebonagung,Desa Ngile,Edi Peni Iv
Kebonagung,Desa Nglaran,Tani Makmur Iii
Kebonagung,Desa Ngumbul,Waluyo Asih Iv
Kebonagung,Desa Padi,Padi Waras 5
Kebonagung,Desa Tulakan,Ngupadi Hasil 4
Kebonagung,Desa Wonoanti,Gemah Ripah 4
Kebonagung,Desa Wonosidi,Budi Karya 4
Nawangan,Arjosari,Desa Gembong
Nawangan,Bandar,Desa Ngunut
Nawangan,Donorojo,Desa Gendaran
Nawangan,Kebonagung,Desa Karanganyar
Nawangan,Nawangan,Desa Ngromo
Nawangan,Ngadirojo,Desa Hadiluwih
Nawangan,Pacitan,Desa Bolosingo
Nawangan,Pringkuku,Desa Jlubang
Nawangan,Punung,Desa Mantren (Punung)
Nawangan,Sudimoro,Desa Pager Kidul
Nawangan,Tegalombo,Desa Kemuning
Nawangan,Tulakan,Desa Jetak
Nawangan,Desa Arjosari,Adil Makmur Iv
Nawangan,Desa Borang,Sri Mulyo
Nawangan,Desa Gayuhan,Rukun Makmur Iii
Nawangan,Desa Gembong,Sumber Urip Iii
Nawangan,Desa Gunungsari,Margo Makmur Iii
Nawangan,Desa Jatimalang,Lestari Iv
Nawangan,Desa Karanggede,Tani Maju Iv
Nawangan,Desa Karangrejo,Sumber Urip V
Nawangan,Desa Kedungbendo,Rukun Tani Iv
Nawangan,Desa Mangunharjo,Sido Mulyo Iii
Nawangan,Desa Mlati,Sido Makmur Iv
Nawangan,Desa Pagutan,Rukun Santosa V
Nawangan,Desa Sedayu,Makmur Rukun Ix
Nawangan,Desa Temon,Akur Ix
Nawangan,Desa Tremas,Guyup Rukun 04
Nawangan,Desa Bandar,Gunung Subur I
Nawangan,Desa Bangunsari Bandar,Hayati
Nawangan,Desa Jeruk,Kamboja
Nawangan,Desa Kledung,Maju Makmur
Nawangan,Desa Ngunut,Makmur Tiga
Nawangan,Desa Petungsinarang,Sido Maju
Nawangan,Desa Tumpuk,Margo Makmur Tiga
Nawangan,Desa Watupatok,Mekar Sari
Nawangan,Desa Belah,Karya Makmur I
Nawangan,Desa Cemeng,Maju Lancar
Nawangan,Desa Donorojo,Maju Lancar
Nawangan,Desa Gedompol,Murih Widodo
Nawangan,Desa Gendaran,Ngudi Mulyo
Nawangan,Desa Kalak,Kelapa Sari
Nawangan,Desa Klepu Donorojo,Ngudi Bogo
Nawangan,Desa Sawahan,Sido Mukti
Nawangan,Desa Sekar,Sri Rejeki I
Nawangan,Desa Sendang,Sedya Maju
Nawangan,Desa Sukodono,Karya Tani
Nawangan,Desa Widoro (Donorojo),Subur
Nawangan,Desa Banjarjo,Sumber Makmur 5
Nawangan,Desa Gawang,Setyo Maju 6
Nawangan,Desa Gembuk,Tri Karsa 3
Nawangan,Desa Kalipelus,Tani Maju 5
Nawangan,Desa Karanganyar,Gotong Royong 5
Nawangan,Desa Karangnongko,Sedyo Makmur 5
Nawangan,Desa Katipugal,Pratolo Mulyo 5
Nawangan,Desa Ketepung,Sido Mekar 5
Nawangan,Desa Ketro (Kebonagung),Sido Maju 5
Nawangan,Desa Klesem,Sari Tani 5
Nawangan,Desa Mantren (Kebonagung),Margo Subur 5
Nawangan,Desa Punjung,Ngudi Makmur 5
Nawangan,Desa Purwoasri,Sumber Asri 5
Nawangan,Desa Sanggrahan,Setya Usaha V
Nawangan,Desa Sidomulyo (Kebonagung),Bumi Harum 13
Nawangan,Desa Wonogondo,Sido Rejo 5
Nawangan,Desa Worawari,Sido Makmur 5
Nawangan,Desa Gondang,Mawar Putih
Nawangan,Desa Jetislor,Kundang Makmur
Nawangan,Desa Mujing,Margo Utomo
Nawangan,Desa Nawangan,Nawanggono Ii
Nawangan,Desa Ngromo,Karya Tani
Nawangan,Desa Pakisbaru,Mitra Tani
Nawangan,Desa Penggung,Rukun Tani I
Nawangan,Desa Sempu,Marsudi Tani
Nawangan,Desa Tokawi,Maju Lancar
Nawangan,Desa Bodag,Ngudi Luhur V
Nawangan,Desa Bogoharjo,Mardi Rahayu Iv
Nawangan,Desa Cokrokembang,Rukun Makmur V
Nawangan,Desa Hadiluwih,Peni Iii
Nawangan,Desa Hadiwarno,Tunas Harapan Iv
Nawangan,Desa Ngadirojo,Mekarsari V
Nawangan,Desa Nogosari,Karya Mulya V
Nawangan,Desa Pagerejo,Bangunrejo Ix
Nawangan,Desa Sidomulyo (Ngadirojo),Widyasana Iv
Nawangan,Desa Tanjunglor,Margo Rukun V
Nawangan,Desa Tanjungpuro,Seruni
Nawangan,Desa Wiyoro,Mardi Rejo V
Nawangan,Desa Wonoasri,Eras Asri V
Nawangan,Desa Wonodadi Kulon,Ngudi Makmur Iv
Nawangan,Desa Wonodadi Wetan,Sido Makmur V
Nawangan,Desa Wonokarto,Eras V
Nawangan,Desa Wonosobo,Eras Sobo Iv
Nawangan,Desa Bangunsari (Pacitan),Gemah Ripah V
Nawangan,Desa Kayen,Sumber Urip Iii
Nawangan,Desa Kembang,Sido Mekar 5
Nawangan,Desa Menadi,Gemah Ripah Iv
Nawangan,Desa Nanggungan,Sedyo Rukun Iv
Nawangan,Kelurahan Ploso,Margo Makmur Iv
Nawangan,Desa Ponggok,Sido Makmur V
Nawangan,Desa Sambong,Argo Mulyo Ix
Nawangan,Desa Sedeng,Mekar Sari V
Nawangan,Desa Semanten,Mugi Rahayu V
Nawangan,Kelurahan Sidoharjo,Sido Makmur Iii
Nawangan,Desa Sirnoboyo,Sido Maju Iv
Nawangan,Desa Sumberharjo,Sumber Makmur Iii
Nawangan,Desa Tambakrejo,Kwt Srikandi
Nawangan,Desa Candi,Nuju Makmur Ix
Nawangan,Desa Dadapan,Suka Maju Iv
Nawangan,Desa Dersono,Sakti Ix
Nawangan,Desa Glinggangan,Margo Mulyo Iv
Nawangan,Desa Jlubang,Selo Rejeki Ix
Nawangan,Desa Ngadirejan,Sumber Rejeki Iv
Nawangan,Desa Pelem,Sri Rejeki Ix
Nawangan,Desa Poko,Lestari V
Nawangan,Desa Pringkuku,Gondang Rejo Viii
Nawangan,Desa Sobo,Sido Mulyo V
Nawangan,Desa Sugihwaras,Gemah Ripah Vi
Nawangan,Desa Tamanasri,Sido Mulyo Iv
Nawangan,Desa Watu Karung,Sido Mukti Ii
Nawangan,Desa Bomo,Ratih Tani
Nawangan,Desa Gondosari,Sedyo Mulyo
Nawangan,Desa Kebonsari,Sumber Rejeki
Nawangan,Desa Mantren (Punung),Rukun Mulyo 2
Nawangan,Desa Mendolo Kidul,Rebo Kliwon I
Nawangan,Desa Mendolo Lor,Karya Makmur
Nawangan,Desa Piton,Sido Makmur
Nawangan,Desa Ploso (Punung),Margo Mulyo
Nawangan,Desa Punung,Mekar Sari
Nawangan,Desa Sooka,Ngudi Lestari
Nawangan,Desa Tinatar,Rejo Mulyo
Nawangan,Desa Wareng,Sido Mulyo
Nawangan,Desa Gunung Rejo,Sumber Rejeki 2
Nawangan,Desa Karang Mulyo,Sido Dadi 2
Nawangan,Desa Ketanggung,Sedya Mulya 5
Nawangan,Desa Klepu (Sudimoro),Lajur Sempu 4
Nawangan,Desa Pager Kidul,Pagergunung 1
Nawangan,Desa Pager Lor,Sedyo Makmur
Nawangan,Desa Sembowo,Margo Mulyo 5
Nawangan,Desa Sudimoro,Ngudi Mulyo 2
Nawangan,Desa Sukorejo,Ngudi Rahayu 1
Nawangan,Desa Sumber Rejo,Makmur Lestari
Nawangan,Desa Gemaharjo,Gemah Ripah 5
Nawangan,Desa Kasihan,Among Tani Ix
Nawangan,Desa Kebondalem,Sedyo Maju V
Nawangan,Desa Kemuning,Sido Rukun Ii
Nawangan,Desa Ngreco,Sumber Tani Iv
Nawangan,Desa Ploso (Tegalombo),Karya Makmur V
Nawangan,Desa Pucangombo,Rukun Tani 4
Nawangan,Desa Tahunan,Karya Makmur Iii
Nawangan,Desa Tahunan Baru,Sido Rukun Iii
Nawangan,Desa Tegalombo,Handayani Vi
Nawangan,Desa Bubakan,Ngudi Bogo V
Nawangan,Desa Bungur,Karya Tani V
Nawangan,Desa Jatigunung,Jati Mulyo 5
Nawangan,Desa Jetak,Darma Tani V
Nawangan,Desa Kalikuning,Margo Mulyo 3
Nawangan,Desa Ketro (Tulakan),Subur Makmur Vii
Nawangan,Desa Ketro Harjo,Harjo Makmur 5
Nawangan,Desa Losari,Mekar Sari 5
Nawangan,Desa Ngile,Edi Peni V
Nawangan,Desa Nglaran,Tani Makmur Iv
Nawangan,Desa Padi,Padi Waras 6
Nawangan,Desa Tulakan,Ngupadi Hasil 5
Nawangan,Desa Wonoanti,Gemah Ripah 5
Nawangan,Desa Wonosidi,Budi Karya 5
Ngadirojo,Arjosari,Desa Gunungsari
Ngadirojo,Bandar,Desa Petungsinarang
Ngadirojo,Donorojo,Desa Kalak
Ngadirojo,Kebonagung,Desa Karangnongko
Ngadirojo,Nawangan,Desa Pakisbaru
Ngadirojo,Ngadirojo,Desa Hadiwarno
Ngadirojo,Pacitan,Desa Kayen
Ngadirojo,Pringkuku,Desa Ngadirejan
Ngadirojo,Punung,Desa Mendolo Kidul
Ngadirojo,Sudimoro,Desa Pager Lor
Ngadirojo,Tegalombo,Desa Ngreco
Ngadirojo,Tulakan,Desa Kalikuning
Ngadirojo,Desa Borang,Subur
Ngadirojo,Desa Gayuhan,Rukun Makmur Iv
Ngadirojo,Desa Gembong,Sumber Urip Iv
Ngadirojo,Desa Gunungsari,Margo Makmur Iv
Ngadirojo,Desa Karanggede,Tani Maju Ix
Ngadirojo,Desa Karangrejo,Sumber Urip Vi
Ngadirojo,Desa Kedungbendo,Rukun Tani V
Ngadirojo,Desa Mangunharjo,Sido Mulyo Iv
Ngadirojo,Desa Mlati,Sido Makmur Ix
Ngadirojo,Desa Pagutan,Rukun Santoso Ii
Ngadirojo,Desa Sedayu,Makmur Rukun V
Ngadirojo,Desa Temon,Akur V
Ngadirojo,Desa Tremas,Guyup Rukun 05
Ngadirojo,Desa Bandar,Kartini
Ngadirojo,Desa Bangunsari Bandar,Margo Makmur
Ngadirojo,Desa Jeruk,Karya Bakti
Ngadirojo,Desa Kledung,Margo Makmur
Ngadirojo,Desa Ngunut,Perintis
Ngadirojo,Desa Petungsinarang,Sido Maju 1
Ngadirojo,Desa Tumpuk,Margo Mulyo Dua
Ngadirojo,Desa Watupatok,Mugi Lestari
Ngadirojo,Desa Belah,Karya Makmur Ii
Ngadirojo,Desa Cemeng,Mardi Laras
Ngadirojo,Desa Donorojo,Margo Makmur
Ngadirojo,Desa Gedompol,Ngunduh Pakarti
Ngadirojo,Desa Gendaran,Sido Maju
Ngadirojo,Desa Kalak,Margo Rukun
Ngadirojo,Desa Klepu Donorojo,Ngudi Karyo
Ngadirojo,Desa Sawahan,Sri Rejeki
Ngadirojo,Desa Sekar,Sri Rejeki Ii
Ngadirojo,Desa Sendang,Sido Dadi
Ngadirojo,Desa Sukodono,Langen Karyo
Ngadirojo,Desa Widoro (Donorojo),Sumber Agung
Ngadirojo,Desa Gawang,Setyo Maju 7
Ngadirojo,Desa Gembuk,Tri Karsa 4
Ngadirojo,Desa Kalipelus,Tani Maju 6
Ngadirojo,Desa Karanganyar,Gotong Royong 6
Ngadirojo,Desa Karangnongko,Sedyo Makmur 6
Ngadirojo,Desa Katipugal,Pratolo Mulyo 6
Ngadirojo,Desa Ketepung,Sido Mekar 6
Ngadirojo,Desa Ketro (Kebonagung),Sido Maju 6
Ngadirojo,Desa Klesem,Sari Tani 6
Ngadirojo,Desa Punjung,Ngudi Makmur 6
Ngadirojo,Desa Purwoasri,Sumber Asri 6
Ngadirojo,Desa Sanggrahan,Setya Usaha Vi
Ngadirojo,Desa Sidomulyo (Kebonagung),Bumi Harum 2
Ngadirojo,Desa Worawari,Sido Makmur 6
Ngadirojo,Desa Gondang,Mugi Lancar
Ngadirojo,Desa Jetislor,Lestari
Ngadirojo,Desa Mujing,Melati
Ngadirojo,Desa Nawangan,Nawanggono Iii
Ngadirojo,Desa Ngromo,Mawar
Ngadirojo,Desa Pakisbaru,Muda Taruna Mandiri
Ngadirojo,Desa Penggung,Rukun Tani Ii
Ngadirojo,Desa Sempu,Marsudi Tani I
Ngadirojo,Desa Tokawi,Melati
Ngadirojo,Desa Bodag,Sumber Rejeki
Ngadirojo,Desa Bogoharjo,Mardi Rahayu V
Ngadirojo,Desa Cokrokembang,Rukun Makmur Vi
Ngadirojo,Desa Hadiluwih,Peni Iv
Ngadirojo,Desa Hadiwarno,Tunas Harapan Ix
Ngadirojo,Desa Pagerejo,Bangunrejo V
Ngadirojo,Desa Sidomulyo (Ngadirojo),Widyasana Ix
Ngadirojo,Desa Tanjunglor,Margo Rukun Vi
Ngadirojo,Desa Wonodadi Kulon,Ngudi Makmur V
Ngadirojo,Desa Wonodadi Wetan,Sido Makmur Vi
Ngadirojo,Desa Bangunsari (Pacitan),Gemah Ripah Vi
Ngadirojo,Desa Kayen,Sumber Urip Iv
Ngadirojo,Desa Nanggungan,Sedyo Rukun V
Ngadirojo,Kelurahan Ploso,Margo Makmur Ix
Ngadirojo,Desa Ponggok,Sido Makmur Vi
Ngadirojo,Desa Sambong,Argo Mulyo V
Ngadirojo,Desa Sedeng,Mekar Sari Vi
Ngadirojo,Desa Semanten,Mugi Rahayu Vi
Ngadirojo,Kelurahan Sidoharjo,Sido Makmur Iv
Ngadirojo,Desa Sirnoboyo,Sido Maju V
Ngadirojo,Desa Candi,Nuju Makmur V
Ngadirojo,Desa Dadapan,Suka Maju Vi
Ngadirojo,Desa Dersono,Sakti V
Ngadirojo,Desa Glinggangan,Margo Mulyo Vi
Ngadirojo,Desa Jlubang,Selo Rejeki V
Ngadirojo,Desa Ngadirejan,Sumber Rejeki Ix
Ngadirojo,Desa Pelem,Sri Rejeki Lima
Ngadirojo,Desa Poko,Lestari Vi
Ngadirojo,Desa Pringkuku,Karya Makmur
Ngadirojo,Desa Sobo,Sido Mulyo Vi
Ngadirojo,Desa Sugihwaras,Gemah Ripah Vii
Ngadirojo,Desa Tamanasri,Sido Mulyo Ix
Ngadirojo,Desa Watu Karung,Sido Mukti Iii
Ngadirojo,Desa Bomo,Ratih Tani Iii
Ngadirojo,Desa Gondosari,Sendang Sari
Ngadirojo,Desa Mantren (Punung),Suko Makmur
Ngadirojo,Desa Mendolo Kidul,Rebo Kliwon Ii
Ngadirojo,Desa Mendolo Lor,Makaryo
Ngadirojo,Desa Piton,Sri Rejeki
Ngadirojo,Desa Ploso (Punung),Margo Tresno
Ngadirojo,Desa Punung,Pangupo Jiwo
Ngadirojo,Desa Sooka,Sido Dadi
Ngadirojo,Desa Tinatar,Ringin Bakti
Ngadirojo,Desa Wareng,Sido Tentrem
Ngadirojo,Desa Gunung Rejo,Sumber Rejeki 3
Ngadirojo,Desa Karang Mulyo,Subur Abadi
Ngadirojo,Desa Ketanggung,Sedya Mulya 6
Ngadirojo,Desa Klepu (Sudimoro),Lajur Sempu 5
Ngadirojo,Desa Pager Kidul,Pagergunung 2
Ngadirojo,Desa Pager Lor,Sumber Rejeki
Ngadirojo,Desa Sembowo,Margo Mulyo 6
Ngadirojo,Desa Sudimoro,Sido Maju
Ngadirojo,Desa Sukorejo,Ngudi Rahayu 2
Ngadirojo,Desa Sumber Rejo,Ngudi Lestari 1
Ngadirojo,Desa Gemaharjo,Gemah Ripah 6
Ngadirojo,Desa Kasihan,Among Tani V
Ngadirojo,Desa Kemuning,Sido Rukun Iv
Ngadirojo,Desa Ngreco,Sumber Tani V
Ngadirojo,Desa Ploso (Tegalombo),Karya Makmur Vi
Ngadirojo,Desa Pucangombo,Rukun Tani I
Ngadirojo,Desa Tahunan,Karya Makmur Iv
Ngadirojo,Desa Tahunan Baru,Sido Rukun Iv
Ngadirojo,Desa Tegalombo,Handayani Vii
Ngadirojo,Desa Bubakan,Ngudi Bogo Vi
Ngadirojo,Desa Bungur,Kwt. Bungur Asri
Ngadirojo,Desa Jatigunung,Jati Mulyo 6
Ngadirojo,Desa Jetak,Darma Tani Vi
Ngadirojo,Desa Kalikuning,Margo Mulyo 4
Ngadirojo,Desa Ketro (Tulakan),Subur Makmur Viii
Ngadirojo,Desa Ketro Harjo,Harjo Makmur 6
Ngadirojo,Desa Losari,Mekar Sari 6
Ngadirojo,Desa Ngile,Wanodyo Joyo
Ngadirojo,Desa Nglaran,Tani Makmur V
Ngadirojo,Desa Padi,Padi Waras I
Ngadirojo,Desa Wonoanti,Gemah Ripah 6
Ngadirojo,Desa Wonosidi,Budi Karya 6
Pacitan,Arjosari,Desa Jatimalang
Pacitan,Bandar,Desa Tumpuk
Pacitan,Donorojo,Desa Klepu Donorojo
Pacitan,Kebonagung,Desa Katipugal
Pacitan,Nawangan,Desa Penggung
Pacitan,Ngadirojo,Desa Ngadirojo
Pacitan,Pacitan,Desa Kembang
Pacitan,Pringkuku,Desa Pelem
Pacitan,Punung,Desa Mendolo Lor
Pacitan,Sudimoro,Desa Sembowo
Pacitan,Tegalombo,Desa Ploso (Tegalombo)
Pacitan,Tulakan,Desa Ketro (Tulakan)
Pacitan,Desa Gayuhan,Rukun Makmur V
Pacitan,Desa Gembong,Sumber Urip V
Pacitan,Desa Karanggede,Tani Maju V
Pacitan,Desa Kedungbendo,Rukun Tani Vi
Pacitan,Desa Mlati,Sido Makmur V
Pacitan,Desa Sedayu,Makmur Rukun Vi
Pacitan,Desa Temon,Akur Vi
Pacitan,Desa Tremas,Guyup Rukun 06
Pacitan,Desa Bandar,Maju Mapan
Pacitan,Desa Bangunsari Bandar,Ngudi Makmur
Pacitan,Desa Jeruk,Karya Tani
Pacitan,Desa Kledung,Margo Mulyo Baru
Pacitan,Desa Ngunut,Sejahtera Dua
Pacitan,Desa Petungsinarang,Sido Makmur
Pacitan,Desa Tumpuk,Margo Mulyo Satu
Pacitan,Desa Watupatok,Mulya Tani
Pacitan,Desa Belah,Karya Manunggal I
Pacitan,Desa Cemeng,Margo Laras
Pacitan,Desa Donorojo,Margo Mulyo
Pacitan,Desa Gedompol,Padi Murni
Pacitan,Desa Gendaran,Tani Lestari
Pacitan,Desa Kalak,Margo Tentrem
Pacitan,Desa Klepu Donorojo,Ngudi Makmur
Pacitan,Desa Sawahan,Sumber Makmur
Pacitan,Desa Sekar,Sri Rejeki Iii
Pacitan,Desa Sendang,Sido Maju
Pacitan,Desa Sukodono,Sido Muncul
Pacitan,Desa Widoro (Donorojo),Sumber Makmur
Pacitan,Desa Gawang,Setyo Maju Dua
Pacitan,Desa Gembuk,Tri Karsa 5
Pacitan,Desa Karanganyar,Gotong Royong 7
Pacitan,Desa Karangnongko,Sedyo Makmur 7
Pacitan,Desa Ketepung,Sido Mekar 7
Pacitan,Desa Ketro (Kebonagung),Sido Maju 7
Pacitan,Desa Klesem,Sari Tani 7
Pacitan,Desa Punjung,Ngudi Makmur 7
Pacitan,Desa Purwoasri,Sumber Asri 7
Pacitan,Desa Sanggrahan,Setya Usaha Vii
Pacitan,Desa Sidomulyo (Kebonagung),Bumi Harum 3
Pacitan,Desa Gondang,Pelita Jaya
Pacitan,Desa Jetislor,Nusa Indah
Pacitan,Desa Mujing,Sri Mulya
Pacitan,Desa Nawangan,Sendang Mulyo
Pacitan,Desa Ngromo,Ngudi Rahayu I
Pacitan,Desa Pakisbaru,Ngudi Mulyo
Pacitan,Desa Penggung,Sari Mulyo I
Pacitan,Desa Sempu,Ngestu Tani
Pacitan,Desa Tokawi,Ngudi Makmur
Pacitan,Desa Bogoharjo,Mardi Rahayu Vi
Pacitan,Desa Cokrokembang,Rukun Makmur Vii
Pacitan,Desa Hadiluwih,Peni V
Pacitan,Desa Hadiwarno,Tunas Harapan V
Pacitan,Desa Pagerejo,Bangunrejo Vi
Pacitan,Desa Sidomulyo (Ngadirojo),Widyasana V
Pacitan,Desa Tanjunglor,Margo Rukun Vii
Pacitan,Desa Wonodadi Kulon,Ngudi Makmur Vi
Pacitan,Desa Bangunsari (Pacitan),Kwt Mekar Sari
Pacitan,Desa Kayen,Sumber Urip V
Pacitan,Desa Nanggungan,Sedyo Rukun Vi
Pacitan,Kelurahan Ploso,Margo Makmur V
Pacitan,Desa Ponggok,Sido Makmur Vii
Pacitan,Desa Sambong,Argo Mulyo Vi
Pacitan,Desa Sedeng,Mekar Sari Vii
Pacitan,Desa Semanten,Mugi Rahayu Vii
Pacitan,Kelurahan Sidoharjo,Sido Makmur Ix
Pacitan,Desa Candi,Nuju Makmur Vi
Pacitan,Desa Dersono,Sakti Vi
Pacitan,Desa Glinggangan,Margo Mulyo Vii
Pacitan,Desa Jlubang,Selo Rejeki Vi
Pacitan,Desa Ngadirejan,Sumber Rejeki V
Pacitan,Desa Pelem,Sri Rejeki Sepuluh
Pacitan,Desa Poko,Lestari Vii
Pacitan,Desa Pringkuku,Kembang Rejo
Pacitan,Desa Sugihwaras,Gemah Ripah Viii
Pacitan,Desa Tamanasri,Sido Mulyo Nol Satu
Pacitan,Desa Watu Karung,Sido Mukti Iv
Pacitan,Desa Bomo,Ratih Tani Iv
Pacitan,Desa Gondosari,Sri Rejeki
Pacitan,Desa Mantren (Punung),Tani Makmur
Pacitan,Desa Mendolo Kidul,Rebo Legi
Pacitan,Desa Mendolo Lor,Ngudi Makmur
Pacitan,Desa Piton,Sumberejo
Pacitan,Desa Ploso (Punung),Margo Utomo
Pacitan,Desa Punung,Punadirpa
Pacitan,Desa Sooka,Sido Mulyo I
Pacitan,Desa Tinatar,Sido Mukti
Pacitan,Desa Wareng,Sumber Makmur
Pacitan,Desa Gunung Rejo,Tani Maju 1
Pacitan,Desa Karang Mulyo,Suko Makmur
Pacitan,Desa Ketanggung,Sedya Mulya 7
Pacitan,Desa Klepu (Sudimoro),Lajur Sempu 6
Pacitan,Desa Pager Kidul,Tumpang Lestari
Pacitan,Desa Pager Lor,Sumber Urip Mulyo
Pacitan,Desa Sembowo,Margo Rukun 1
Pacitan,Desa Sudimoro,Sido Makmur
Pacitan,Desa Sukorejo,Salam Rejo
Pacitan,Desa Sumber Rejo,Ngudi Lestari 2
Pacitan,Desa Gemaharjo,Gemah Ripah 7
Pacitan,Desa Kasihan,Among Tani Vi
Pacitan,Desa Kemuning,Sido Rukun Vi
Pacitan,Desa Ngreco,Sumber Tani Vi
Pacitan,Desa Ploso (Tegalombo),Karya Makmur Vii
Pacitan,Desa Pucangombo,Rukun Tani Maju
Pacitan,Desa Tahunan,Kwt Sumber Waras
Pacitan,Desa Tegalombo,Handayani Viii
Pacitan,Desa Bubakan,Ngudi Bogo Vii
Pacitan,Desa Jatigunung,Jati Mulyo 7
Pacitan,Desa Kalikuning,Margo Mulyo 5
Pacitan,Desa Losari,Mekar Sari 7
Pacitan,Desa Nglaran,Tani Makmur Vi
Pacitan,Desa Wonoanti,Kwt Alas Subur
Pringkuku,Arjosari,Desa Jetis Kidul
Pringkuku,Bandar,Desa Watupatok
Pringkuku,Donorojo,Desa Sawahan
Pringkuku,Kebonagung,Desa Kebonagung
Pringkuku,Nawangan,Desa Sempu
Pringkuku,Ngadirojo,Desa Nogosari
Pringkuku,Pacitan,Desa Menadi
Pringkuku,Pringkuku,Desa Poko
Pringkuku,Punung,Desa Piton
Pringkuku,Sudimoro,Desa Sudimoro
Pringkuku,Tegalombo,Desa Pucangombo
Pringkuku,Tulakan,Desa Ketro Harjo
Pringkuku,Desa Gayuhan,Rukun Makmur Vi
Pringkuku,Desa Gembong,Sumber Urip Vi
Pringkuku,Desa Karanggede,Tani Maju Vi
Pringkuku,Desa Kedungbendo,Rukun Tani Vii
Pringkuku,Desa Mlati,Sido Makmur Vi
Pringkuku,Desa Sedayu,Makmur Rukun Vii
Pringkuku,Desa Temon,Akur Vii
Pringkuku,Desa Bandar,Margo Utomo
Pringkuku,Desa Bangunsari Bandar,Ngudi Rejeki
Pringkuku,Desa Jeruk,Ngudi Luhur
Pringkuku,Desa Kledung,Mawar Putih
Pringkuku,Desa Ngunut,Sejahtera Satu
Pringkuku,Desa Petungsinarang,Sido Makmur 1
Pringkuku,Desa Tumpuk,Margo Mulyo Tiga
Pringkuku,Desa Watupatok,Rukun Tani
Pringkuku,Desa Belah,Karya Manunggal Ii
Pringkuku,Desa Cemeng,Mugi Rahayu
Pringkuku,Desa Donorojo,Ngudi Mulyo
Pringkuku,Desa Gedompol,Rahayu Widodo
Pringkuku,Desa Kalak,Sido Maju I
Pringkuku,Desa Klepu Donorojo,Ngudi Mulyo
Pringkuku,Desa Sawahan,Tani Mulyo
Pringkuku,Desa Sekar,Sri Rejeki Iv
Pringkuku,Desa Sendang,Sido Makmur
Pringkuku,Desa Sukodono,Sidorejo
Pringkuku,Desa Widoro (Donorojo),Sumber Rejeki
Pringkuku,Desa Gawang,Sido Makmur
Pringkuku,Desa Gembuk,Tri Karsa 6
Pringkuku,Desa Karanganyar,Gotong Royong 8
Pringkuku,Desa Karangnongko,Sedyo Makmur 8
Pringkuku,Desa Ketro (Kebonagung),Winasri
Pringkuku,Desa Klesem,Sari Tani 8
Pringkuku,Desa Punjung,Ngudi Makmur 8
Pringkuku,Desa Sidomulyo (Kebonagung),Bumi Harum 4
Pringkuku,Desa Gondang,Sumber Rejeki
Pringkuku,Desa Jetislor,Setya Karya
Pringkuku,Desa Mujing,Sumber Dadi
Pringkuku,Desa Nawangan,Setya Karya
Pringkuku,Desa Ngromo,Ngudi Rahayu Ii
Pringkuku,Desa Pakisbaru,Rukun Santosa
Pringkuku,Desa Penggung,Sari Mulyo Ii
Pringkuku,Desa Sempu,Rahayu
Pringkuku,Desa Tokawi,Ngudi Makmur Ii
Pringkuku,Desa Bogoharjo,Mardi Rahayu Vii
Pringkuku,Desa Hadiluwih,Peni Vi
Pringkuku,Desa Hadiwarno,Tunas Harapan Vi
Pringkuku,Desa Pagerejo,Bangunrejo Vii
Pringkuku,Desa Sidomulyo (Ngadirojo),Widyasana Vi
Pringkuku,Desa Wonodadi Kulon,Sido Makmur I
Pringkuku,Kelurahan Ploso,Margo Makmur Vi
Pringkuku,Desa Ponggok,Sido Makmur Viii
Pringkuku,Desa Sambong,Argo Mulyo Vii
Pringkuku,Desa Sedeng,Mekar Sari Viii
Pringkuku,Kelurahan Sidoharjo,Sido Makmur V
Pringkuku,Desa Candi,Nuju Makmur Vii
Pringkuku,Desa Dersono,Sakti Vii
Pringkuku,Desa Glinggangan,Margo Mulyo Viii
Pringkuku,Desa Jlubang,Selo Rejeki Vii
Pringkuku,Desa Ngadirejan,Sumber Rejeki Vi
Pringkuku,Desa Pelem,Sri Rejeki Vi
Pringkuku,Desa Poko,Lestari Viii
Pringkuku,Desa Pringkuku,Maju Makmur
Pringkuku,Desa Sugihwaras,Gemah Ripah X
Pringkuku,Desa Tamanasri,Sido Mulyo V
Pringkuku,Desa Watu Karung,Sido Mukti V
Pringkuku,Desa Bomo,Sedyo Rukun
Pringkuku,Desa Gondosari,Tambah Rejo
Pringkuku,Desa Mantren (Punung),Tani Mulyo
Pringkuku,Desa Mendolo Kidul,Tani Makmur
Pringkuku,Desa Mendolo Lor,Sumber Makmur
Pringkuku,Desa Piton,Tani Mulyo I
Pringkuku,Desa Ploso (Punung),Ngudi Mulyo
Pringkuku,Desa Punung,Purwodadi
Pringkuku,Desa Sooka,Sido Mulyo Ii
Pringkuku,Desa Gunung Rejo,Tani Maju 2
Pringkuku,Desa Ketanggung,Sido Makmur 1
Pringkuku,Desa Klepu (Sudimoro),Mandiri
Pringkuku,Desa Pager Kidul,Wana Asri
Pringkuku,Desa Pager Lor,Tani Asli 1
Pringkuku,Desa Sembowo,Margo Rukun 2
Pringkuku,Desa Sudimoro,Suko Makmur
Pringkuku,Desa Sukorejo,Sedyo Maju
Pringkuku,Desa Sumber Rejo,Ngudi Lestari 3
Pringkuku,Desa Gemaharjo,Kwt Gemah Lestari
Pringkuku,Desa Kasihan,Among Tani Vii
Pringkuku,Desa Kemuning,Tompak Mijil
Pringkuku,Desa Ploso (Tegalombo),Karya Makmur Viii
Pringkuku,Desa Pucangombo,Sido Makmur
Pringkuku,Desa Tahunan,Kwt Wandira
Pringkuku,Desa Tegalombo,Kwt.Tenggar Asri
Pringkuku,Desa Bubakan,Ngudi Bogo Viii
Pringkuku,Desa Jatigunung,Jati Mulyo 8
Pringkuku,Desa Kalikuning,Margo Mulyo 6
Pringkuku,Desa Wonoanti,Kwt Atsiri Jaya
Punung,Arjosari,Desa Karanggede
Punung,Donorojo,Desa Sekar
Punung,Kebonagung,Desa Ketepung
Punung,Nawangan,Desa Tokawi
Punung,Ngadirojo,Desa Pagerejo
Punung,Pacitan,Desa Mentoro
Punung,Pringkuku,Desa Pringkuku
Punung,Punung,Desa Ploso (Punung)
Punung,Sudimoro,Desa Sukorejo
Punung,Tegalombo,Desa Tahunan
Punung,Tulakan,Desa Kluwih
Punung,Desa Karanggede,Tani Maju Vii
Punung,Desa Mlati,Sido Makmur Vii
Punung,Desa Sedayu,Makmur Rukun Viii
Punung,Desa Temon,Akur Viii
Punung,Desa Bandar,Mbudidoyo
Punung,Desa Bangunsari Bandar,Sari Bumi
Punung,Desa Jeruk,Ngudi Makmur
Punung,Desa Kledung,Rejo Makmur
Punung,Desa Ngunut,Setya Karya Dua
Punung,Desa Petungsinarang,Sido Mukti
Punung,Desa Tumpuk,Muda Tani Dua
Punung,Desa Watupatok,Sari Mulyo
Punung,Desa Belah,Karya Tani
Punung,Desa Cemeng,Ngudi Luhur
Punung,Desa Donorojo,Ngudi Utomo
Punung,Desa Gedompol,Sayuk Rukun
Punung,Desa Kalak,Sido Maju Ii
Punung,Desa Klepu Donorojo,Ngudi Rahayu
Punung,Desa Sekar,Sumber Rejeki
Punung,Desa Sukodono,Sumber Mulyo
Punung,Desa Gembuk,Tri Karsa 7
Punung,Desa Karanganyar,Gotong Royong 9
Punung,Desa Karangnongko,Sedyo Makmur 9
Punung,Desa Klesem,Sari Tani 9
Punung,Desa Sidomulyo (Kebonagung),Bumi Harum 5
Punung,Desa Gondang,Tani Maju
Punung,Desa Jetislor,Sido Mulyo
Punung,Desa Mujing,Tani Mulya
Punung,Desa Nawangan,Setya Tani
Punung,Desa Ngromo,Sri Sedono
Punung,Desa Pakisbaru,Seroja
Punung,Desa Penggung,Setya Tani
Punung,Desa Sempu,Sari Bumi
Punung,Desa Tokawi,Sari Bumi
Punung,Desa Hadiluwih,Peni Vii
Punung,Desa Hadiwarno,Tunas Harapan Vii
Punung,Desa Pagerejo,Bangunrejo Viii
Punung,Desa Sidomulyo (Ngadirojo),Widyasana Vii
Punung,Desa Wonodadi Kulon,Sido Makmur Ii
Punung,Kelurahan Ploso,Margo Makmur Vii
Punung,Desa Sambong,Argo Mulyo Viii
Punung,Kelurahan Sidoharjo,Sido Makmur Vi
Punung,Desa Candi,Nuju Makmur Viii
Punung,Desa Dersono,Sakti Viii
Punung,Desa Jlubang,Selo Rejeki Viii
Punung,Desa Ngadirejan,Sumber Rejeki Vii
Punung,Desa Pelem,Sri Rejeki Vii
Punung,Desa Pringkuku,Pindul Makmur
Punung,Desa Sugihwaras,Gemah Ripah Xi
Punung,Desa Tamanasri,Sido Mulyo Vi
Punung,Desa Watu Karung,Sido Mukti Vii
Punung,Desa Bomo,Sido Makmur
Punung,Desa Gondosari,Tani Maju
Punung,Desa Mantren (Punung),Tani Rukun
Punung,Desa Piton,Tani Mulyo Ii
Punung,Desa Ploso (Punung),Rukun Tani
Punung,Desa Punung,Subur Makmur
Punung,Desa Sooka,Sido Rukun I
Punung,Desa Gunung Rejo,Tani Makmur 1
Punung,Desa Ketanggung,Sido Makmur 2
Punung,Desa Klepu (Sudimoro),Margo Mulyo 1
Punung,Desa Pager Kidul,Worawari 1
Punung,Desa Pager Lor,Tani Asli 2
Punung,Desa Sembowo,Margo Rukun 3
Punung,Desa Sudimoro,Sumber Pangan
Punung,Desa Sukorejo,Setyo Tani 1
Punung,Desa Sumber Rejo,Selo Makmur 1
Punung,Desa Kasihan,Among Tani Viii
Punung,Desa Ploso (Tegalombo),Kwt Hayati
Punung,Desa Pucangombo,Sido Tani Maju
Punung,Desa Tahunan,Margo Makmur Abadi
Punung,Desa Bubakan,Rukun
Punung,Desa Jatigunung,Jati Mulyo 9
Punung,Desa Kalikuning,Margo Mulyo 7
Sudimoro,Arjosari,Desa Karangrejo
Sudimoro,Donorojo,Desa Sendang
Sudimoro,Kebonagung,Desa Ketro (Kebonagung)
Sudimoro,Ngadirojo,Desa Sidomulyo (Ngadirojo)
Sudimoro,Pacitan,Desa Nanggungan
Sudimoro,Pringkuku,Desa Sobo
Sudimoro,Punung,Desa Punung
Sudimoro,Sudimoro,Desa Sumber Rejo
Sudimoro,Tegalombo,Desa Tahunan Baru
Sudimoro,Tulakan,Desa Losari
Sudimoro,Desa Karanggede,Tani Maju Viii
Sudimoro,Desa Mlati,Sido Makmur Viii
Sudimoro,Desa Sedayu,Makmur Rukun X
Sudimoro,Desa Temon,Akur X
Sudimoro,Desa Bandar,Nggrening
Sudimoro,Desa Bangunsari Bandar,Sari Rejeki
Sudimoro,Desa Jeruk,Ngudi Rukun
Sudimoro,Desa Kledung,Rejo Sari
Sudimoro,Desa Ngunut,Setya Karya Satu
Sudimoro,Desa Petungsinarang,Sido Mulyo
Sudimoro,Desa Tumpuk,Muda Tani Satu
Sudimoro,Desa Watupatok,Sedyo Mulyo
Sudimoro,Desa Belah,Margo Makmur
Sudimoro,Desa Cemeng,Sedyo Mulyo
Sudimoro,Desa Donorojo,Padas Subur
Sudimoro,Desa Gedompol,Sri Rahayu
Sudimoro,Desa Kalak,Sido Makmur
Sudimoro,Desa Klepu Donorojo,Ngudi Rejeki
Sudimoro,Desa Sekar,Tani Rukun
Sudimoro,Desa Sukodono,Sumber Rejeki
Sudimoro,Desa Gembuk,Tri Karsa 8
Sudimoro,Desa Karanganyar,Sumber Makmur
Sudimoro,Desa Sidomulyo (Kebonagung),Bumi Harum 6
Sudimoro,Desa Jetislor,Sri Mulyo
Sudimoro,Desa Nawangan,Sido Makmur
Sudimoro,Desa Ngromo,Sumber Rejeki
Sudimoro,Desa Pakisbaru,Sido Makmur
Sudimoro,Desa Penggung,Sidorejo
Sudimoro,Desa Sempu,Sido Makmur
Sudimoro,Desa Tokawi,Sari Tani
Sudimoro,Desa Hadiluwih,Peni Viii
Sudimoro,Desa Hadiwarno,Tunas Harapan Viii
Sudimoro,Desa Sidomulyo (Ngadirojo),Widyasana Viii
Sudimoro,Desa Wonodadi Kulon,Sido Makmur Iii
Sudimoro,Kelurahan Ploso,Margo Makmur Viii
Sudimoro,Desa Sambong,Argo Mulyo X
Sudimoro,Kelurahan Sidoharjo,Sido Makmur Vii
Sudimoro,Desa Candi,Nuju Makmur X
Sudimoro,Desa Dersono,Sakti X
Sudimoro,Desa Jlubang,Selo Rejeki X
Sudimoro,Desa Ngadirejan,Sumber Rejeki Viii
Sudimoro,Desa Pelem,Sri Rejeki Viii
Sudimoro,Desa Pringkuku,Sambi Rejo
Sudimoro,Desa Sugihwaras,Gemah Ripah Xii
Sudimoro,Desa Tamanasri,Sido Mulyo Vii
Sudimoro,Desa Bomo,Sri Mulyo
Sudimoro,Desa Gondosari,Tani Widodo
Sudimoro,Desa Piton,Tuhu Bakti I
Sudimoro,Desa Ploso (Punung),Sedyo Rukun
Sudimoro,Desa Punung,Sumber Agung
Sudimoro,Desa Sooka,Suka Maju
Sudimoro,Desa Gunung Rejo,Tani Makmur 2
Sudimoro,Desa Ketanggung,Sumber Rejeki 1
Sudimoro,Desa Klepu (Sudimoro),Margo Mulyo 2
Sudimoro,Desa Pager Kidul,Worawari 2
Sudimoro,Desa Pager Lor,Tani Maju 1
Sudimoro,Desa Sembowo,Margo Rukun 4
Sudimoro,Desa Sudimoro,Sumber Rejeki 1
Sudimoro,Desa Sukorejo,Setyo Tani 2
Sudimoro,Desa Sumber Rejo,Selo Makmur 2
Sudimoro,Desa Kasihan,Sampurna Abadi
Sudimoro,Desa Ploso (Tegalombo),Rumah Tani Makmur
Sudimoro,Desa Tahunan,Ngudi Rejeki
Sudimoro,Desa Jatigunung,Kwt Jati Asri
Sudimoro,Desa Kalikuning,Suka Maju
Tegalombo,Arjosari,Desa Kedungbendo
Tegalombo,Donorojo,Desa Sukodono
Tegalombo,Kebonagung,Desa Klesem
Tegalombo,Ngadirojo,Desa Tanjunglor
Tegalombo,Pacitan,Kelurahan Pacitan
Tegalombo,Pringkuku,Desa Sugihwaras
Tegalombo,Punung,Desa Sooka
Tegalombo,Tegalombo,Desa Tegalombo
Tegalombo,Tulakan,Desa Ngile
Tegalombo,Desa Mlati,Sido Makmur X
Tegalombo,Desa Temon,Akur Xi
Tegalombo,Desa Bandar,Nggrening Dua
Tegalombo,Desa Bangunsari Bandar,Sari Tani
Tegalombo,Desa Jeruk,Ngudi Subur 01
Tegalombo,Desa Kledung,Sido Urip
Tegalombo,Desa Ngunut,Setya Karya Tiga
Tegalombo,Desa Petungsinarang,Sido Mulyo 1
Tegalombo,Desa Tumpuk,Ngudi Mulyo
Tegalombo,Desa Watupatok,Sedyo Rukun
Tegalombo,Desa Belah,Marsudi Makmur I
Tegalombo,Desa Cemeng,Sido Maju
Tegalombo,Desa Donorojo,Setyo Tuhu
Tegalombo,Desa Gedompol,Sri Rejeki
Tegalombo,Desa Klepu Donorojo,Ngudi Santoso
Tegalombo,Desa Gembuk,Tri Karsa 9
Tegalombo,Desa Sidomulyo (Kebonagung),Bumi Harum 7
Tegalombo,Desa Jetislor,Sri Rejeki
Tegalombo,Desa Nawangan,Sri Lestari
Tegalombo,Desa Ngromo,Tani Makmur
Tegalombo,Desa Pakisbaru,Sido Rukun
Tegalombo,Desa Penggung,Sinar Pelita
Tegalombo,Desa Sempu,Sri Tani
Tegalombo,Desa Tokawi,Sido Dadi
Tegalombo,Desa Wonodadi Kulon,Sido Makmur Iv
Tegalombo,Desa Sambong,Argo Mulyo Xi
Tegalombo,Kelurahan Sidoharjo,Sido Makmur Viii
Tegalombo,Desa Candi,Nuju Makmur Xi
Tegalombo,Desa Dersono,Sakti Xi
Tegalombo,Desa Pelem,Sri Rejeki Xi
Tegalombo,Desa Pringkuku,Sido Makmur I
Tegalombo,Desa Tamanasri,Sido Mulyo Viii
Tegalombo,Desa Bomo,Tani Mulyo
Tegalombo,Desa Piton,Tuhu Bakti Ii
Tegalombo,Desa Ploso (Punung),Tani Maju
Tegalombo,Desa Punung,Sumber Agung Muda
Tegalombo,Desa Ketanggung,Sumber Rejeki 2
Tegalombo,Desa Klepu (Sudimoro),Margo Rukun
Tegalombo,Desa Pager Lor,Tani Maju 2
Tegalombo,Desa Sudimoro,Sumber Rejeki 2
Tegalombo,Desa Sumber Rejo,Swadaya Mandiri 1
Tegalombo,Desa Ploso (Tegalombo),Sido Makmur
Tegalombo,Desa Tahunan,Sido Dadi Grogol
Tegalombo,Desa Kalikuning,Tri Mulyo
Tulakan,Arjosari,Desa Mangunharjo
Tulakan,Donorojo,Desa Widoro (Donorojo)
Tulakan,Kebonagung,Desa Mantren (Kebonagung)
Tulakan,Ngadirojo,Desa Tanjungpuro
Tulakan,Pacitan,Kelurahan Ploso
Tulakan,Pringkuku,Desa Tamanasri
Tulakan,Punung,Desa Tinatar
Tulakan,Tulakan,Desa Nglaran
Tulakan,Desa Mlati,Sido Makmur Xi
Tulakan,Desa Temon,Akur Xii
Tulakan,Desa Bandar,Nggrening Satu
Tulakan,Desa Bangunsari Bandar,Setya Kawan
Tulakan,Desa Jeruk,Ngudi Subur 02
Tulakan,Desa Kledung,Sri Rejeki
Tulakan,Desa Ngunut,Sido Dadi Dua
Tulakan,Desa Petungsinarang,Sido Muncul
Tulakan,Desa Tumpuk,Ngudi Tani
Tulakan,Desa Watupatok,Setya Tani
Tulakan,Desa Belah,Marsudi Makmur Ii
Tulakan,Desa Cemeng,Sri Mulyo
Tulakan,Desa Donorojo,Sido Mulyo
Tulakan,Desa Gedompol,Sumber Rejeki
Tulakan,Desa Klepu Donorojo,Ngudi Tani
Tulakan,Desa Gembuk,Tunas Baru
Tulakan,Desa Sidomulyo (Kebonagung),Bumi Harum 8
Tulakan,Desa Jetislor,Sumber Karya
Tulakan,Desa Nawangan,Sri Rejeki
Tulakan,Desa Pakisbaru,Sinar Harapan
Tulakan,Desa Penggung,Sinar Pelita I
Tulakan,Desa Sempu,Srikandi
Tulakan,Desa Tokawi,Sido Makmur
Tulakan,Desa Sambong,Argo Mulyo Xii
Tulakan,Kelurahan Sidoharjo,Sido Makmur X
Tulakan,Desa Candi,Nuju Makmur Xii
Tulakan,Desa Dersono,Sakti Xii
Tulakan,Desa Pelem,Sri Rejeki Xii
Tulakan,Desa Pringkuku,Sido Makmur Ii
Tulakan,Desa Bomo,Tani Rukun
Tulakan,Desa Ploso (Punung),Tani Murni
Tulakan,Desa Punung,Sumber Asih
Tulakan,Desa Klepu (Sudimoro),Sido Dadi 1
Tulakan,Desa Pager Lor,Tani Maju 3
Tulakan,Desa Sudimoro,Sumber Tani
Tulakan,Desa Sumber Rejo,Swadaya Mandiri 2
Tulakan,Desa Ploso (Tegalombo),Tani Berkah
Nan,Arjosari,Desa Mlati
Nan,Kebonagung,Desa Plumbungan
Nan,Ngadirojo,Desa Wiyoro
Nan,Pacitan,Desa Ponggok
Nan,Pringkuku,Desa Watu Karung
Nan,Punung,Desa Wareng
Nan,Tulakan,Desa Ngumbul
Nan,Desa Temon,Akur Xiii
Nan,Desa Bandar,Ngudi Mulyo
Nan,Desa Bangunsari Bandar,Setya Tani
Nan,Desa Jeruk,Ngudi Subur Iii
Nan,Desa Kledung,Sumber Makmur
Nan,Desa Ngunut,Sido Dadi Satu
Nan,Desa Petungsinarang,Suka Maju
Nan,Desa Tumpuk,Rahayu
Nan,Desa Watupatok,Sido Rukun
Nan,Desa Belah,Marsudi Makmur Iii
Nan,Desa Cemeng,Sri Rahayu
Nan,Desa Donorojo,Sumber Agung
Nan,Desa Gedompol,Tani Makmur
Nan,Desa Klepu Donorojo,Rahayu
Nan,Desa Sidomulyo (Kebonagung),Bumi Harum 9
Nan,Desa Jetislor,Sumber Rejeki
Nan,Desa Nawangan,Sri Rejeki Ii
Nan,Desa Penggung,Sinar Pelita Ii
Nan,Desa Sempu,Suka Tani
Nan,Desa Tokawi,Sido Makmur Ii
Nan,Kelurahan Sidoharjo,Sido Makmur Xi
Nan,Desa Candi,Nuju Makmur Xiii
Nan,Desa Dersono,Sakti Xiii
Nan,Desa Pelem,Sri Rejeki Xiii
Nan,Desa Pringkuku,Sido Makmur Iii
Nan,Desa Punung,Tani Rukun
Nan,Desa Klepu (Sudimoro),Sido Dadi 2
Nan,Desa Pager Lor,Usaha Tani 1
Nan,Desa Sudimoro,Tani Harapan
Nan,Desa Sumber Rejo,Wana Lestari 1
Nan,Desa Ploso (Tegalombo),Tani Maju
Nan,Arjosari,Desa Pagutan
Nan,Kebonagung,Desa Punjung
Nan,Ngadirojo,Desa Wonoasri
Nan,Pacitan,Kelurahan Pucangsewu
Nan,Tulakan,Desa Padi
Nan,Desa Bandar,Petung
Nan,Desa Bangunsari Bandar,Sido Rukun
Nan,Desa Jeruk,Sari Rejeki
Nan,Desa Kledung,Sumber Rejeki
Nan,Desa Ngunut,Sido Makmur
Nan,Desa Tumpuk,Rukun Tani
Nan,Desa Watupatok,Taman Tani
Nan,Desa Belah,Ngudi Makmur I
Nan,Desa Cemeng,Sri Rejeki
Nan,Desa Donorojo,Sumber Rejeki
Nan,Desa Klepu Donorojo,Sumber Rejeki
Nan,Desa Jetislor,Sumber Sari
Nan,Desa Nawangan,Sri Sadono
Nan,Desa Penggung,Tunas Subur
Nan,Desa Sempu,Tani Sido Makmur
Nan,Desa Tokawi,Sido Rukun
Nan,Desa Candi,Nuju Makmur Xiv
Nan,Desa Dersono,Sakti Xiv
Nan,Desa Pelem,Sri Rejeki Xiv
Nan,Desa Pringkuku,Tani Mulya
Nan,Desa Klepu (Sudimoro),Sumber Lancar
Nan,Desa Pager Lor,Usaha Tani 2
Nan,Desa Sudimoro,Tani Makmur
Nan,Desa Sumber Rejo,Wana Lestari 2
Nan,Desa Ploso (Tegalombo),Tani Makmur
Nan,Arjosari,Desa Sedayu
Nan,Kebonagung,Desa Purwoasri
Nan,Ngadirojo,Desa Wonodadi Kulon
Nan,Pacitan,Desa Purworejo
Nan,Tulakan,Desa Tulakan
Nan,Desa Bandar,Rejo Mulyo
Nan,Desa Bangunsari Bandar,Sumber Mulyo
Nan,Desa Jeruk,Sido Luhur
Nan,Desa Kledung,Tunas Manunggal
Nan,Desa Ngunut,Sido Mulyo
Nan,Desa Tumpuk,Serba Tani
Nan,Desa Watupatok,Tani Rukun Satu
Nan,Desa Belah,Ngudi Makmur Ii
Nan,Desa Donorojo,Tani Rukun
Nan,Desa Klepu Donorojo,Sumber Rejo
Nan,Desa Candi,Nuju Makmur Xv
Nan,Desa Dersono,Sakti Xix
Nan,Desa Pringkuku,Wayah Makmur
Nan,Desa Klepu (Sudimoro),Tani Subur
Nan,Desa Sudimoro,Tani Mulyo
Nan,Desa Ploso (Tegalombo),Tani Mulya
Nan,Arjosari,Desa Temon
Nan,Kebonagung,Desa Sanggrahan
Nan,Ngadirojo,Desa Wonodadi Wetan
Nan,Pacitan,Desa Sambong
Nan,Tulakan,Desa Wonoanti
Nan,Desa Bandar,Sari Mulyo
Nan,Desa Bangunsari Bandar,Sumber Rejeki
Nan,Desa Jeruk,Sido Makmur
Nan,Desa Ngunut,Teratai
Nan,Desa Watupatok,Wargo Tani Ii
Nan,Desa Belah,Ngudi Rahayu
Nan,Desa Donorojo,Wana Boga
Nan,Desa Klepu Donorojo,Tani Maju
Nan,Desa Candi,Nuju Makmur Xvi
Nan,Desa Dersono,Sakti Xv
Nan,Desa Sudimoro,Tani Murni
Nan,Desa Ploso (Tegalombo),Tani Sejahtera
Nan,Arjosari,Desa Tremas
Nan,Kebonagung,Desa Sidomulyo (Kebonagung)
Nan,Ngadirojo,Desa Wonokarto
Nan,Pacitan,Desa Sedeng
Nan,Tulakan,Desa Wonosidi
Nan,Desa Bandar,Sari Mulyo I
Nan,Desa Bangunsari Bandar,Sumber Urip
Nan,Desa Jeruk,Sido Rukun
Nan,Desa Watupatok,Wargo Tani Satu
Nan,Desa Belah,Sido Maju I
Nan,Desa Klepu Donorojo,Tani Mulyo
Nan,Desa Candi,Nuju Makmur Xvi A
Nan,Desa Dersono,Sakti Xvi
Nan,Desa Sudimoro,Tunas Harapan
Nan,Kebonagung,Desa Wonogondo
Nan,Ngadirojo,Desa Wonosobo
Nan,Pacitan,Desa Semanten
Nan,Desa Bandar,Sido Maju
Nan,Desa Bangunsari Bandar,Tani Makmur
Nan,Desa Jeruk,Sumber Rejeki
Nan,Desa Belah,Sido Maju Ii
Nan,Desa Dersono,Sakti Xvii
Nan,Desa Sudimoro,Usaha Tani
Nan,Kebonagung,Desa Worawari
Nan,Pacitan,Kelurahan Sidoharjo
Nan,Desa Bandar,Sido Makmur
Nan,Desa Bangunsari Bandar,Tani Mulyo
Nan,Desa Jeruk,Tani Lestari
Nan,Desa Belah,Sido Makmur
Nan,Desa Dersono,Sakti Xviii
Nan,Pacitan,Desa Sirnoboyo
Nan,Desa Bandar,Sido Makmur 4
Nan,Desa Bangunsari Bandar,Unggul
Nan,Desa Jeruk,Tani Subur 01
Nan,Desa Belah,Wana Lestari
Nan,Pacitan,Desa Sukoharjo
Nan,Desa Bandar,Suroloyo
Nan,Desa Bangunsari Bandar,Widodo Mulyo
Nan,Desa Jeruk,Tani Subur 02
Nan,Pacitan,Desa Sumberharjo
Nan,Desa Bandar,Suroloyo I
Nan,Desa Jeruk,Tani Utomo
Nan,Pacitan,Desa Tambakrejo
Nan,Desa Jeruk,Wargo Rukun
Nan,Pacitan,Desa Tanjungsari
Nan,Pacitan,Desa Widoro (Pacitan)
Nan,Pacitan,Kelurahan Baleharjo
Nan,Pacitan,Kelurahan Pacitan
Nan,Pacitan,Kelurahan Ploso
Nan,Pacitan,Desa Arjowinangun
Nan,Pacitan,Desa Bangunsari
Nan,Pacitan,Desa Banjarsari
Nan,Pacitan,Desa Bolosingo
Nan,Pacitan,Desa Kayen
Nan,Pacitan,Desa Kembang
Nan,Pacitan,Desa Menadi
Nan,Pacitan,Desa Mentoro
Nan,Pacitan,Desa Nanggungan
Nan,Pacitan,Desa Widoro
